-- MySQL dump 10.13  Distrib 8.0.36, for Win64 (x86_64)
--
-- Host: 127.0.0.1    Database: 0728
-- ------------------------------------------------------
-- Server version	8.0.36

/*!40101 SET @OLD_CHARACTER_SET_CLIENT=@@CHARACTER_SET_CLIENT */;
/*!40101 SET @OLD_CHARACTER_SET_RESULTS=@@CHARACTER_SET_RESULTS */;
/*!40101 SET @OLD_COLLATION_CONNECTION=@@COLLATION_CONNECTION */;
/*!50503 SET NAMES utf8mb4 */;
/*!40103 SET @OLD_TIME_ZONE=@@TIME_ZONE */;
/*!40103 SET TIME_ZONE='+00:00' */;
/*!40014 SET @OLD_UNIQUE_CHECKS=@@UNIQUE_CHECKS, UNIQUE_CHECKS=0 */;
/*!40014 SET @OLD_FOREIGN_KEY_CHECKS=@@FOREIGN_KEY_CHECKS, FOREIGN_KEY_CHECKS=0 */;
/*!40101 SET @OLD_SQL_MODE=@@SQL_MODE, SQL_MODE='NO_AUTO_VALUE_ON_ZERO' */;
/*!40111 SET @OLD_SQL_NOTES=@@SQL_NOTES, SQL_NOTES=0 */;

--
-- Table structure for table `admin_admin_log`
--

DROP TABLE IF EXISTS `admin_admin_log`;
/*!40101 SET @saved_cs_client     = @@character_set_client */;
/*!50503 SET character_set_client = utf8mb4 */;
CREATE TABLE `admin_admin_log` (
  `id` int NOT NULL AUTO_INCREMENT,
  `method` varchar(10) CHARACTER SET utf8mb4 COLLATE utf8mb4_0900_ai_ci DEFAULT NULL,
  `uid` int DEFAULT NULL,
  `url` varchar(255) CHARACTER SET utf8mb4 COLLATE utf8mb4_0900_ai_ci DEFAULT NULL,
  `desc` text CHARACTER SET utf8mb4 COLLATE utf8mb4_0900_ai_ci,
  `ip` varchar(255) CHARACTER SET utf8mb4 COLLATE utf8mb4_0900_ai_ci DEFAULT NULL,
  `success` int DEFAULT NULL,
  `user_agent` text CHARACTER SET utf8mb4 COLLATE utf8mb4_0900_ai_ci,
  `create_time` datetime DEFAULT NULL,
  PRIMARY KEY (`id`) USING BTREE
) ENGINE=InnoDB AUTO_INCREMENT=420 DEFAULT CHARSET=utf8mb4 COLLATE=utf8mb4_0900_ai_ci ROW_FORMAT=DYNAMIC;
/*!40101 SET character_set_client = @saved_cs_client */;

--
-- Dumping data for table `admin_admin_log`
--

LOCK TABLES `admin_admin_log` WRITE;
/*!40000 ALTER TABLE `admin_admin_log` DISABLE KEYS */;
INSERT INTO `admin_admin_log` VALUES (1,'POST',1,'/system/passport/login','admin','127.0.0.1',1,'Mozilla/5.0 (Windows NT 10.0; Win64; x64) AppleWebKit/537.36 (KHTML, like Gecko) Chrome/123.0.0.0 Safari/537.36','2024-04-09 11:25:30'),(2,'POST',1,'/system/passport/login','admin','127.0.0.1',1,'Mozilla/5.0 (Windows NT 10.0; Win64; x64) AppleWebKit/537.36 (KHTML, like Gecko) Chrome/120.0.0.0 Safari/537.36 Edg/120.0.0.0','2024-04-14 12:26:00'),(3,'POST',1,'/system/passport/login','admin','127.0.0.1',1,'Mozilla/5.0 (Windows NT 10.0; Win64; x64) AppleWebKit/537.36 (KHTML, like Gecko) Chrome/120.0.0.0 Safari/537.36 Edg/120.0.0.0','2024-04-14 15:06:59'),(4,'POST',1,'/system/passport/login','admin','127.0.0.1',1,'Mozilla/5.0 (Windows NT 10.0; Win64; x64) AppleWebKit/537.36 (KHTML, like Gecko) Chrome/120.0.0.0 Safari/537.36 Edg/120.0.0.0','2024-04-18 10:06:50'),(5,'POST',1,'/system/passport/login','admin','127.0.0.1',1,'Mozilla/5.0 (Windows NT 10.0; Win64; x64) AppleWebKit/537.36 (KHTML, like Gecko) Chrome/120.0.0.0 Safari/537.36 Edg/120.0.0.0','2024-04-21 14:10:01'),(6,'POST',1,'/system/passport/login','admin','127.0.0.1',1,'Mozilla/5.0 (Windows NT 10.0; Win64; x64) AppleWebKit/537.36 (KHTML, like Gecko) Chrome/120.0.0.0 Safari/537.36 Edg/120.0.0.0','2024-05-18 00:07:05'),(7,'POST',1,'/system/passport/login','admin','127.0.0.1',1,'Mozilla/5.0 (Windows NT 10.0; Win64; x64) AppleWebKit/537.36 (KHTML, like Gecko) Chrome/120.0.0.0 Safari/537.36 Edg/120.0.0.0','2024-05-18 00:08:07'),(8,'POST',1,'/system/passport/login','admin','127.0.0.1',1,'Mozilla/5.0 (Windows NT 10.0; Win64; x64) AppleWebKit/537.36 (KHTML, like Gecko) Chrome/120.0.0.0 Safari/537.36 Edg/120.0.0.0','2024-05-18 00:14:46'),(9,'POST',1,'/system/passport/login','admin','127.0.0.1',1,'Mozilla/5.0 (Windows NT 10.0; Win64; x64) AppleWebKit/537.36 (KHTML, like Gecko) Chrome/120.0.0.0 Safari/537.36 Edg/120.0.0.0','2024-05-18 00:17:23'),(10,'POST',1,'/system/passport/login','admin','127.0.0.1',1,'Mozilla/5.0 (Windows NT 10.0; Win64; x64) AppleWebKit/537.36 (KHTML, like Gecko) Chrome/120.0.0.0 Safari/537.36 Edg/120.0.0.0','2024-05-18 00:24:04'),(11,'POST',1,'/system/passport/login','admin','127.0.0.1',1,'Mozilla/5.0 (Windows NT 10.0; Win64; x64) AppleWebKit/537.36 (KHTML, like Gecko) Chrome/120.0.0.0 Safari/537.36 Edg/120.0.0.0','2024-05-18 00:24:36'),(12,'POST',14,'/system/passport/login','yucheng','127.0.0.1',1,'Mozilla/5.0 (Windows NT 10.0; Win64; x64) AppleWebKit/537.36 (KHTML, like Gecko) Chrome/120.0.0.0 Safari/537.36 Edg/120.0.0.0','2024-05-18 00:26:16'),(13,'POST',1,'/system/passport/login','admin','127.0.0.1',1,'Mozilla/5.0 (Windows NT 10.0; Win64; x64) AppleWebKit/537.36 (KHTML, like Gecko) Chrome/120.0.0.0 Safari/537.36 Edg/120.0.0.0','2024-05-18 00:26:23'),(14,'POST',1,'/system/passport/login','admin','127.0.0.1',1,'Mozilla/5.0 (Windows NT 10.0; Win64; x64) AppleWebKit/537.36 (KHTML, like Gecko) Chrome/120.0.0.0 Safari/537.36 Edg/120.0.0.0','2024-05-18 00:30:28'),(15,'POST',1,'/system/passport/login','admin','127.0.0.1',1,'Mozilla/5.0 (Windows NT 10.0; Win64; x64) AppleWebKit/537.36 (KHTML, like Gecko) Chrome/120.0.0.0 Safari/537.36 Edg/120.0.0.0','2024-05-18 00:34:24'),(16,'POST',1,'/system/passport/login','admin','127.0.0.1',1,'Mozilla/5.0 (Windows NT 10.0; Win64; x64) AppleWebKit/537.36 (KHTML, like Gecko) Chrome/120.0.0.0 Safari/537.36 Edg/120.0.0.0','2024-05-18 00:37:29'),(17,'POST',1,'/system/passport/login','admin','127.0.0.1',1,'Mozilla/5.0 (Windows NT 10.0; Win64; x64) AppleWebKit/537.36 (KHTML, like Gecko) Chrome/120.0.0.0 Safari/537.36 Edg/120.0.0.0','2024-05-18 00:49:51'),(18,'POST',1,'/system/passport/login','admin','127.0.0.1',1,'Mozilla/5.0 (Windows NT 10.0; Win64; x64) AppleWebKit/537.36 (KHTML, like Gecko) Chrome/120.0.0.0 Safari/537.36 Edg/120.0.0.0','2024-05-18 00:54:05'),(19,'POST',1,'/system/passport/login','admin','127.0.0.1',1,'Mozilla/5.0 (Windows NT 10.0; Win64; x64) AppleWebKit/537.36 (KHTML, like Gecko) Chrome/120.0.0.0 Safari/537.36 Edg/120.0.0.0','2024-05-18 00:58:00'),(20,'POST',1,'/system/passport/login','admin','127.0.0.1',1,'Mozilla/5.0 (Windows NT 10.0; Win64; x64) AppleWebKit/537.36 (KHTML, like Gecko) Chrome/120.0.0.0 Safari/537.36 Edg/120.0.0.0','2024-05-18 00:59:22'),(21,'POST',19,'/system/passport/login','zhou','127.0.0.1',1,'Mozilla/5.0 (Windows NT 10.0; Win64; x64) AppleWebKit/537.36 (KHTML, like Gecko) Chrome/120.0.0.0 Safari/537.36 Edg/120.0.0.0','2024-05-18 01:02:00'),(22,'POST',19,'/system/passport/login','zhou','127.0.0.1',1,'Mozilla/5.0 (Windows NT 10.0; Win64; x64) AppleWebKit/537.36 (KHTML, like Gecko) Chrome/120.0.0.0 Safari/537.36 Edg/120.0.0.0','2024-05-18 01:13:51'),(23,'POST',1,'/system/passport/login','admin','127.0.0.1',1,'Mozilla/5.0 (Windows NT 10.0; Win64; x64) AppleWebKit/537.36 (KHTML, like Gecko) Chrome/120.0.0.0 Safari/537.36 Edg/120.0.0.0','2024-05-18 01:14:51'),(24,'POST',19,'/system/passport/login','zhou','127.0.0.1',1,'Mozilla/5.0 (Windows NT 10.0; Win64; x64) AppleWebKit/537.36 (KHTML, like Gecko) Chrome/120.0.0.0 Safari/537.36 Edg/120.0.0.0','2024-05-18 01:16:15'),(25,'POST',14,'/system/passport/login','yucheng','127.0.0.1',1,'Mozilla/5.0 (Windows NT 10.0; Win64; x64) AppleWebKit/537.36 (KHTML, like Gecko) Chrome/120.0.0.0 Safari/537.36 Edg/120.0.0.0','2024-05-18 01:19:13'),(26,'POST',14,'/system/passport/login','yucheng','127.0.0.1',1,'Mozilla/5.0 (Windows NT 10.0; Win64; x64) AppleWebKit/537.36 (KHTML, like Gecko) Chrome/120.0.0.0 Safari/537.36 Edg/120.0.0.0','2024-05-18 01:20:55'),(27,'POST',14,'/system/passport/login','yucheng','127.0.0.1',1,'Mozilla/5.0 (Windows NT 10.0; Win64; x64) AppleWebKit/537.36 (KHTML, like Gecko) Chrome/120.0.0.0 Safari/537.36 Edg/120.0.0.0','2024-05-18 01:31:49'),(28,'POST',19,'/system/passport/login','zhou','127.0.0.1',1,'Mozilla/5.0 (Windows NT 10.0; Win64; x64) AppleWebKit/537.36 (KHTML, like Gecko) Chrome/120.0.0.0 Safari/537.36 Edg/120.0.0.0','2024-05-18 01:38:31'),(29,'POST',19,'/system/passport/login','zhou','127.0.0.1',1,'Mozilla/5.0 (Windows NT 10.0; Win64; x64) AppleWebKit/537.36 (KHTML, like Gecko) Chrome/120.0.0.0 Safari/537.36 Edg/120.0.0.0','2024-05-18 01:39:08'),(30,'POST',19,'/system/passport/login','zhou','127.0.0.1',1,'Mozilla/5.0 (Windows NT 10.0; Win64; x64) AppleWebKit/537.36 (KHTML, like Gecko) Chrome/120.0.0.0 Safari/537.36 Edg/120.0.0.0','2024-05-18 01:40:06'),(31,'POST',19,'/system/passport/login','zhou','127.0.0.1',1,'Mozilla/5.0 (Windows NT 10.0; Win64; x64) AppleWebKit/537.36 (KHTML, like Gecko) Chrome/120.0.0.0 Safari/537.36 Edg/120.0.0.0','2024-05-18 01:40:31'),(32,'POST',19,'/system/passport/login','zhou','127.0.0.1',1,'Mozilla/5.0 (Windows NT 10.0; Win64; x64) AppleWebKit/537.36 (KHTML, like Gecko) Chrome/120.0.0.0 Safari/537.36 Edg/120.0.0.0','2024-05-18 01:42:29'),(33,'POST',14,'/system/passport/login','yucheng','127.0.0.1',1,'Mozilla/5.0 (Windows NT 10.0; Win64; x64) AppleWebKit/537.36 (KHTML, like Gecko) Chrome/120.0.0.0 Safari/537.36 Edg/120.0.0.0','2024-05-25 15:09:20'),(34,'POST',14,'/system/passport/login','yucheng','127.0.0.1',1,'Mozilla/5.0 (Windows NT 10.0; Win64; x64) AppleWebKit/537.36 (KHTML, like Gecko) Chrome/120.0.0.0 Safari/537.36 Edg/120.0.0.0','2024-05-25 15:10:35'),(35,'POST',1,'/system/passport/login','admin','127.0.0.1',1,'Mozilla/5.0 (Windows NT 10.0; Win64; x64) AppleWebKit/537.36 (KHTML, like Gecko) Chrome/127.0.0.0 Safari/537.36 Edg/127.0.0.0','2024-07-31 17:25:51'),(36,'POST',1,'/system/passport/login','admin','127.0.0.1',1,'Mozilla/5.0 (Windows NT 10.0; Win64; x64) AppleWebKit/537.36 (KHTML, like Gecko) Chrome/127.0.0.0 Safari/537.36 Edg/127.0.0.0','2024-07-31 17:26:59'),(37,'POST',1,'/system/passport/login','admin','127.0.0.1',1,'Mozilla/5.0 (Windows NT 10.0; Win64; x64) AppleWebKit/537.36 (KHTML, like Gecko) Chrome/127.0.0.0 Safari/537.36 Edg/127.0.0.0','2024-07-31 18:32:21'),(38,'POST',1,'/system/passport/login','admin','127.0.0.1',1,'Mozilla/5.0 (Windows NT 10.0; Win64; x64) AppleWebKit/537.36 (KHTML, like Gecko) Chrome/127.0.0.0 Safari/537.36 Edg/127.0.0.0','2024-07-31 18:32:55'),(39,'POST',1,'/system/passport/login','admin','127.0.0.1',1,'Mozilla/5.0 (Windows NT 10.0; Win64; x64) AppleWebKit/537.36 (KHTML, like Gecko) Chrome/127.0.0.0 Safari/537.36 Edg/127.0.0.0','2024-07-31 18:33:30'),(40,'POST',1,'/system/passport/login','admin','127.0.0.1',1,'Mozilla/5.0 (Windows NT 10.0; Win64; x64) AppleWebKit/537.36 (KHTML, like Gecko) Chrome/127.0.0.0 Safari/537.36 Edg/127.0.0.0','2024-07-31 18:34:36'),(41,'POST',1,'/system/passport/login','admin','127.0.0.1',1,'Mozilla/5.0 (Windows NT 10.0; Win64; x64) AppleWebKit/537.36 (KHTML, like Gecko) Chrome/127.0.0.0 Safari/537.36 Edg/127.0.0.0','2024-07-31 18:36:13'),(42,'POST',1,'/system/passport/login','admin','127.0.0.1',1,'Mozilla/5.0 (Windows NT 10.0; Win64; x64) AppleWebKit/537.36 (KHTML, like Gecko) Chrome/127.0.0.0 Safari/537.36 Edg/127.0.0.0','2024-07-31 19:23:40'),(43,'POST',1,'/system/passport/login','admin','127.0.0.1',1,'Mozilla/5.0 (Windows NT 10.0; Win64; x64) AppleWebKit/537.36 (KHTML, like Gecko) Chrome/127.0.0.0 Safari/537.36 Edg/127.0.0.0','2024-07-31 19:25:50'),(44,'POST',1,'/system/passport/login','admin','127.0.0.1',1,'Mozilla/5.0 (Windows NT 10.0; Win64; x64) AppleWebKit/537.36 (KHTML, like Gecko) Chrome/127.0.0.0 Safari/537.36 Edg/127.0.0.0','2024-07-31 19:27:43'),(45,'POST',1,'/system/passport/login','admin','127.0.0.1',1,'Mozilla/5.0 (Windows NT 10.0; Win64; x64) AppleWebKit/537.36 (KHTML, like Gecko) Chrome/127.0.0.0 Safari/537.36 Edg/127.0.0.0','2024-07-31 19:29:18'),(46,'POST',1,'/system/passport/login','admin','127.0.0.1',1,'Mozilla/5.0 (Windows NT 10.0; Win64; x64) AppleWebKit/537.36 (KHTML, like Gecko) Chrome/127.0.0.0 Safari/537.36 Edg/127.0.0.0','2024-07-31 19:42:45'),(47,'POST',1,'/system/passport/login','admin','127.0.0.1',1,'Mozilla/5.0 (Windows NT 10.0; Win64; x64) AppleWebKit/537.36 (KHTML, like Gecko) Chrome/127.0.0.0 Safari/537.36 Edg/127.0.0.0','2024-07-31 19:44:22'),(48,'POST',1,'/system/passport/login','admin','127.0.0.1',1,'Mozilla/5.0 (Windows NT 10.0; Win64; x64) AppleWebKit/537.36 (KHTML, like Gecko) Chrome/127.0.0.0 Safari/537.36 Edg/127.0.0.0','2024-07-31 19:45:06'),(49,'POST',1,'/system/passport/login','admin','127.0.0.1',1,'Mozilla/5.0 (Windows NT 10.0; Win64; x64) AppleWebKit/537.36 (KHTML, like Gecko) Chrome/127.0.0.0 Safari/537.36 Edg/127.0.0.0','2024-07-31 20:00:19'),(50,'POST',1,'/system/passport/login','admin','127.0.0.1',1,'Mozilla/5.0 (Windows NT 10.0; Win64; x64) AppleWebKit/537.36 (KHTML, like Gecko) Chrome/127.0.0.0 Safari/537.36 Edg/127.0.0.0','2024-07-31 20:01:46'),(51,'POST',1,'/system/passport/login','admin','127.0.0.1',1,'Mozilla/5.0 (Windows NT 10.0; Win64; x64) AppleWebKit/537.36 (KHTML, like Gecko) Chrome/127.0.0.0 Safari/537.36 Edg/127.0.0.0','2024-07-31 20:04:38'),(52,'POST',1,'/system/passport/login','admin','127.0.0.1',1,'Mozilla/5.0 (Windows NT 10.0; Win64; x64) AppleWebKit/537.36 (KHTML, like Gecko) Chrome/127.0.0.0 Safari/537.36 Edg/127.0.0.0','2024-07-31 20:06:48'),(53,'POST',1,'/system/passport/login','admin','127.0.0.1',1,'Mozilla/5.0 (Windows NT 10.0; Win64; x64) AppleWebKit/537.36 (KHTML, like Gecko) Chrome/127.0.0.0 Safari/537.36 Edg/127.0.0.0','2024-07-31 20:07:29'),(54,'POST',1,'/system/passport/login','admin','127.0.0.1',1,'Mozilla/5.0 (Windows NT 10.0; Win64; x64) AppleWebKit/537.36 (KHTML, like Gecko) Chrome/127.0.0.0 Safari/537.36 Edg/127.0.0.0','2024-07-31 20:08:01'),(55,'POST',1,'/system/passport/login','admin','127.0.0.1',1,'Mozilla/5.0 (Windows NT 10.0; Win64; x64) AppleWebKit/537.36 (KHTML, like Gecko) Chrome/127.0.0.0 Safari/537.36 Edg/127.0.0.0','2024-07-31 20:08:36'),(56,'POST',1,'/system/passport/login','admin','127.0.0.1',1,'Mozilla/5.0 (Windows NT 10.0; Win64; x64) AppleWebKit/537.36 (KHTML, like Gecko) Chrome/127.0.0.0 Safari/537.36 Edg/127.0.0.0','2024-07-31 20:16:41'),(57,'POST',1,'/system/passport/login','admin','127.0.0.1',1,'Mozilla/5.0 (Windows NT 10.0; Win64; x64) AppleWebKit/537.36 (KHTML, like Gecko) Chrome/127.0.0.0 Safari/537.36 Edg/127.0.0.0','2024-07-31 20:21:07'),(58,'POST',1,'/system/passport/login','admin','127.0.0.1',1,'Mozilla/5.0 (Windows NT 10.0; Win64; x64) AppleWebKit/537.36 (KHTML, like Gecko) Chrome/127.0.0.0 Safari/537.36 Edg/127.0.0.0','2024-08-01 15:01:16'),(59,'POST',1,'/system/passport/login','admin','127.0.0.1',1,'Mozilla/5.0 (Windows NT 10.0; Win64; x64) AppleWebKit/537.36 (KHTML, like Gecko) Chrome/127.0.0.0 Safari/537.36 Edg/127.0.0.0','2024-08-01 15:05:22'),(60,'POST',1,'/system/passport/login','admin','127.0.0.1',1,'Mozilla/5.0 (Windows NT 10.0; Win64; x64) AppleWebKit/537.36 (KHTML, like Gecko) Chrome/127.0.0.0 Safari/537.36 Edg/127.0.0.0','2024-08-01 15:05:43'),(61,'POST',1,'/system/passport/login','admin','127.0.0.1',1,'Mozilla/5.0 (Windows NT 10.0; Win64; x64) AppleWebKit/537.36 (KHTML, like Gecko) Chrome/127.0.0.0 Safari/537.36 Edg/127.0.0.0','2024-08-01 15:07:38'),(62,'POST',1,'/system/passport/login','admin','127.0.0.1',1,'Mozilla/5.0 (Windows NT 10.0; Win64; x64) AppleWebKit/537.36 (KHTML, like Gecko) Chrome/127.0.0.0 Safari/537.36 Edg/127.0.0.0','2024-08-01 15:08:45'),(63,'POST',1,'/system/passport/login','admin','127.0.0.1',1,'Mozilla/5.0 (Windows NT 10.0; Win64; x64) AppleWebKit/537.36 (KHTML, like Gecko) Chrome/127.0.0.0 Safari/537.36 Edg/127.0.0.0','2024-08-01 15:09:29'),(64,'POST',1,'/system/passport/login','admin','127.0.0.1',1,'Mozilla/5.0 (Windows NT 10.0; Win64; x64) AppleWebKit/537.36 (KHTML, like Gecko) Chrome/127.0.0.0 Safari/537.36 Edg/127.0.0.0','2024-08-01 15:11:30'),(65,'POST',1,'/system/passport/login','admin','127.0.0.1',1,'Mozilla/5.0 (Windows NT 10.0; Win64; x64) AppleWebKit/537.36 (KHTML, like Gecko) Chrome/127.0.0.0 Safari/537.36 Edg/127.0.0.0','2024-08-01 15:11:47'),(66,'POST',1,'/system/passport/login','admin','127.0.0.1',1,'Mozilla/5.0 (Windows NT 10.0; Win64; x64) AppleWebKit/537.36 (KHTML, like Gecko) Chrome/127.0.0.0 Safari/537.36 Edg/127.0.0.0','2024-08-01 15:37:06'),(67,'POST',1,'/system/passport/login','admin','127.0.0.1',1,'Mozilla/5.0 (Windows NT 10.0; Win64; x64) AppleWebKit/537.36 (KHTML, like Gecko) Chrome/127.0.0.0 Safari/537.36 Edg/127.0.0.0','2024-08-01 15:38:47'),(68,'POST',1,'/system/passport/login','admin','127.0.0.1',1,'Mozilla/5.0 (Windows NT 10.0; Win64; x64) AppleWebKit/537.36 (KHTML, like Gecko) Chrome/127.0.0.0 Safari/537.36 Edg/127.0.0.0','2024-08-01 15:39:32'),(69,'POST',1,'/system/passport/login','admin','127.0.0.1',1,'Mozilla/5.0 (Windows NT 10.0; Win64; x64) AppleWebKit/537.36 (KHTML, like Gecko) Chrome/127.0.0.0 Safari/537.36 Edg/127.0.0.0','2024-08-01 15:43:41'),(70,'POST',1,'/system/passport/login','admin','127.0.0.1',1,'Mozilla/5.0 (Windows NT 10.0; Win64; x64) AppleWebKit/537.36 (KHTML, like Gecko) Chrome/127.0.0.0 Safari/537.36 Edg/127.0.0.0','2024-08-01 15:43:52'),(71,'POST',1,'/system/passport/login','admin','127.0.0.1',1,'Mozilla/5.0 (Windows NT 10.0; Win64; x64) AppleWebKit/537.36 (KHTML, like Gecko) Chrome/127.0.0.0 Safari/537.36 Edg/127.0.0.0','2024-08-01 15:44:37'),(72,'POST',1,'/system/passport/login','admin','127.0.0.1',1,'Mozilla/5.0 (Windows NT 10.0; Win64; x64) AppleWebKit/537.36 (KHTML, like Gecko) Chrome/127.0.0.0 Safari/537.36 Edg/127.0.0.0','2024-08-01 15:45:28'),(73,'POST',1,'/system/passport/login','admin','127.0.0.1',1,'Mozilla/5.0 (Windows NT 10.0; Win64; x64) AppleWebKit/537.36 (KHTML, like Gecko) Chrome/127.0.0.0 Safari/537.36 Edg/127.0.0.0','2024-08-01 18:21:58'),(74,'POST',1,'/system/passport/login','admin','127.0.0.1',1,'Mozilla/5.0 (Windows NT 10.0; Win64; x64) AppleWebKit/537.36 (KHTML, like Gecko) Chrome/127.0.0.0 Safari/537.36 Edg/127.0.0.0','2024-08-01 18:24:13'),(75,'POST',1,'/system/passport/login','admin','127.0.0.1',1,'Mozilla/5.0 (Windows NT 10.0; Win64; x64) AppleWebKit/537.36 (KHTML, like Gecko) Chrome/127.0.0.0 Safari/537.36 Edg/127.0.0.0','2024-08-01 18:24:43'),(76,'POST',1,'/system/passport/login','admin','127.0.0.1',1,'Mozilla/5.0 (Windows NT 10.0; Win64; x64) AppleWebKit/537.36 (KHTML, like Gecko) Chrome/127.0.0.0 Safari/537.36 Edg/127.0.0.0','2024-08-01 18:25:19'),(77,'POST',1,'/system/passport/login','admin','127.0.0.1',1,'Mozilla/5.0 (Windows NT 10.0; Win64; x64) AppleWebKit/537.36 (KHTML, like Gecko) Chrome/127.0.0.0 Safari/537.36 Edg/127.0.0.0','2024-08-01 18:25:39'),(78,'POST',1,'/system/passport/login','admin','127.0.0.1',1,'Mozilla/5.0 (Windows NT 10.0; Win64; x64) AppleWebKit/537.36 (KHTML, like Gecko) Chrome/127.0.0.0 Safari/537.36 Edg/127.0.0.0','2024-08-01 18:26:03'),(79,'POST',1,'/system/passport/login','admin','127.0.0.1',1,'Mozilla/5.0 (Windows NT 10.0; Win64; x64) AppleWebKit/537.36 (KHTML, like Gecko) Chrome/127.0.0.0 Safari/537.36 Edg/127.0.0.0','2024-08-01 18:56:40'),(80,'POST',1,'/system/passport/login','admin','127.0.0.1',1,'Mozilla/5.0 (Windows NT 10.0; Win64; x64) AppleWebKit/537.36 (KHTML, like Gecko) Chrome/127.0.0.0 Safari/537.36 Edg/127.0.0.0','2024-08-01 18:57:30'),(81,'POST',1,'/system/passport/login','admin','127.0.0.1',1,'Mozilla/5.0 (Windows NT 10.0; Win64; x64) AppleWebKit/537.36 (KHTML, like Gecko) Chrome/127.0.0.0 Safari/537.36 Edg/127.0.0.0','2024-08-01 18:58:50'),(82,'POST',1,'/system/passport/login','admin','127.0.0.1',1,'Mozilla/5.0 (Windows NT 10.0; Win64; x64) AppleWebKit/537.36 (KHTML, like Gecko) Chrome/127.0.0.0 Safari/537.36 Edg/127.0.0.0','2024-08-01 19:02:19'),(83,'POST',1,'/system/passport/login','admin','127.0.0.1',1,'Mozilla/5.0 (Windows NT 10.0; Win64; x64) AppleWebKit/537.36 (KHTML, like Gecko) Chrome/127.0.0.0 Safari/537.36 Edg/127.0.0.0','2024-08-01 19:03:00'),(84,'POST',1,'/system/passport/login','admin','127.0.0.1',1,'Mozilla/5.0 (Windows NT 10.0; Win64; x64) AppleWebKit/537.36 (KHTML, like Gecko) Chrome/127.0.0.0 Safari/537.36 Edg/127.0.0.0','2024-08-01 19:03:24'),(85,'POST',1,'/system/passport/login','admin','127.0.0.1',1,'Mozilla/5.0 (Windows NT 10.0; Win64; x64) AppleWebKit/537.36 (KHTML, like Gecko) Chrome/127.0.0.0 Safari/537.36 Edg/127.0.0.0','2024-08-01 19:07:27'),(86,'POST',1,'/system/passport/login','admin','127.0.0.1',1,'Mozilla/5.0 (Windows NT 10.0; Win64; x64) AppleWebKit/537.36 (KHTML, like Gecko) Chrome/127.0.0.0 Safari/537.36 Edg/127.0.0.0','2024-08-01 19:07:54'),(87,'POST',1,'/system/passport/login','admin','127.0.0.1',1,'Mozilla/5.0 (Windows NT 10.0; Win64; x64) AppleWebKit/537.36 (KHTML, like Gecko) Chrome/127.0.0.0 Safari/537.36 Edg/127.0.0.0','2024-08-01 19:14:16'),(88,'POST',1,'/system/passport/login','admin','127.0.0.1',1,'Mozilla/5.0 (Windows NT 10.0; Win64; x64) AppleWebKit/537.36 (KHTML, like Gecko) Chrome/127.0.0.0 Safari/537.36 Edg/127.0.0.0','2024-08-01 19:14:28'),(89,'POST',1,'/system/passport/login','admin','127.0.0.1',1,'Mozilla/5.0 (Windows NT 10.0; Win64; x64) AppleWebKit/537.36 (KHTML, like Gecko) Chrome/127.0.0.0 Safari/537.36 Edg/127.0.0.0','2024-08-01 19:15:03'),(90,'POST',1,'/system/passport/login','admin','127.0.0.1',1,'Mozilla/5.0 (Windows NT 10.0; Win64; x64) AppleWebKit/537.36 (KHTML, like Gecko) Chrome/127.0.0.0 Safari/537.36 Edg/127.0.0.0','2024-08-01 19:15:31'),(91,'POST',1,'/system/passport/login','admin','127.0.0.1',1,'Mozilla/5.0 (Windows NT 10.0; Win64; x64) AppleWebKit/537.36 (KHTML, like Gecko) Chrome/127.0.0.0 Safari/537.36 Edg/127.0.0.0','2024-08-01 19:23:42'),(92,'POST',1,'/system/passport/login','admin','127.0.0.1',1,'Mozilla/5.0 (Windows NT 10.0; Win64; x64) AppleWebKit/537.36 (KHTML, like Gecko) Chrome/127.0.0.0 Safari/537.36 Edg/127.0.0.0','2024-08-01 19:40:48'),(93,'POST',1,'/system/passport/login','admin','127.0.0.1',1,'Mozilla/5.0 (Windows NT 10.0; Win64; x64) AppleWebKit/537.36 (KHTML, like Gecko) Chrome/127.0.0.0 Safari/537.36 Edg/127.0.0.0','2024-08-01 19:41:15'),(94,'POST',1,'/system/passport/login','admin','127.0.0.1',1,'Mozilla/5.0 (Windows NT 10.0; Win64; x64) AppleWebKit/537.36 (KHTML, like Gecko) Chrome/127.0.0.0 Safari/537.36 Edg/127.0.0.0','2024-08-01 19:41:56'),(95,'POST',1,'/system/passport/login','admin','127.0.0.1',1,'Mozilla/5.0 (Windows NT 10.0; Win64; x64) AppleWebKit/537.36 (KHTML, like Gecko) Chrome/127.0.0.0 Safari/537.36 Edg/127.0.0.0','2024-08-01 19:42:15'),(96,'POST',1,'/system/passport/login','admin','127.0.0.1',1,'Mozilla/5.0 (Windows NT 10.0; Win64; x64) AppleWebKit/537.36 (KHTML, like Gecko) Chrome/127.0.0.0 Safari/537.36 Edg/127.0.0.0','2024-08-01 19:42:36'),(97,'POST',1,'/system/passport/login','admin','127.0.0.1',1,'Mozilla/5.0 (Windows NT 10.0; Win64; x64) AppleWebKit/537.36 (KHTML, like Gecko) Chrome/127.0.0.0 Safari/537.36 Edg/127.0.0.0','2024-08-01 20:38:26'),(98,'POST',1,'/system/passport/login','admin','127.0.0.1',1,'Mozilla/5.0 (Windows NT 10.0; Win64; x64) AppleWebKit/537.36 (KHTML, like Gecko) Chrome/127.0.0.0 Safari/537.36 Edg/127.0.0.0','2024-08-01 20:38:55'),(99,'POST',1,'/system/passport/login','admin','127.0.0.1',1,'Mozilla/5.0 (Windows NT 10.0; Win64; x64) AppleWebKit/537.36 (KHTML, like Gecko) Chrome/127.0.0.0 Safari/537.36 Edg/127.0.0.0','2024-08-01 20:39:22'),(100,'POST',1,'/system/passport/login','admin','127.0.0.1',1,'Mozilla/5.0 (Windows NT 10.0; Win64; x64) AppleWebKit/537.36 (KHTML, like Gecko) Chrome/127.0.0.0 Safari/537.36 Edg/127.0.0.0','2024-08-01 20:43:59'),(101,'POST',1,'/system/passport/login','admin','127.0.0.1',1,'Mozilla/5.0 (Windows NT 10.0; Win64; x64) AppleWebKit/537.36 (KHTML, like Gecko) Chrome/127.0.0.0 Safari/537.36 Edg/127.0.0.0','2024-08-01 21:06:25'),(102,'POST',1,'/system/passport/login','admin','127.0.0.1',1,'Mozilla/5.0 (Windows NT 10.0; Win64; x64) AppleWebKit/537.36 (KHTML, like Gecko) Chrome/127.0.0.0 Safari/537.36 Edg/127.0.0.0','2024-08-01 21:06:53'),(103,'POST',1,'/system/passport/login','admin','127.0.0.1',1,'Mozilla/5.0 (Windows NT 10.0; Win64; x64) AppleWebKit/537.36 (KHTML, like Gecko) Chrome/127.0.0.0 Safari/537.36 Edg/127.0.0.0','2024-08-01 21:07:13'),(104,'POST',1,'/system/passport/login','admin','127.0.0.1',1,'Mozilla/5.0 (Windows NT 10.0; Win64; x64) AppleWebKit/537.36 (KHTML, like Gecko) Chrome/127.0.0.0 Safari/537.36 Edg/127.0.0.0','2024-08-01 22:18:17'),(105,'POST',1,'/system/passport/login','admin','127.0.0.1',1,'Mozilla/5.0 (Windows NT 10.0; Win64; x64) AppleWebKit/537.36 (KHTML, like Gecko) Chrome/127.0.0.0 Safari/537.36 Edg/127.0.0.0','2024-08-01 22:18:32'),(106,'POST',1,'/system/passport/login','admin','127.0.0.1',1,'Mozilla/5.0 (Windows NT 10.0; Win64; x64) AppleWebKit/537.36 (KHTML, like Gecko) Chrome/127.0.0.0 Safari/537.36 Edg/127.0.0.0','2024-08-01 22:18:57'),(107,'POST',1,'/system/passport/login','admin','127.0.0.1',1,'Mozilla/5.0 (Windows NT 10.0; Win64; x64) AppleWebKit/537.36 (KHTML, like Gecko) Chrome/127.0.0.0 Safari/537.36 Edg/127.0.0.0','2024-08-02 13:59:32'),(108,'POST',1,'/system/passport/login','admin','127.0.0.1',1,'Mozilla/5.0 (Windows NT 10.0; Win64; x64) AppleWebKit/537.36 (KHTML, like Gecko) Chrome/127.0.0.0 Safari/537.36 Edg/127.0.0.0','2024-08-02 14:01:04'),(109,'POST',1,'/system/passport/login','admin','127.0.0.1',1,'Mozilla/5.0 (Windows NT 10.0; Win64; x64) AppleWebKit/537.36 (KHTML, like Gecko) Chrome/127.0.0.0 Safari/537.36 Edg/127.0.0.0','2024-08-02 14:01:34'),(110,'POST',1,'/system/passport/login','admin','127.0.0.1',1,'Mozilla/5.0 (Windows NT 10.0; Win64; x64) AppleWebKit/537.36 (KHTML, like Gecko) Chrome/127.0.0.0 Safari/537.36 Edg/127.0.0.0','2024-08-02 14:23:47'),(111,'POST',1,'/system/passport/login','admin','127.0.0.1',1,'Mozilla/5.0 (Windows NT 10.0; Win64; x64) AppleWebKit/537.36 (KHTML, like Gecko) Chrome/127.0.0.0 Safari/537.36 Edg/127.0.0.0','2024-08-02 14:24:06'),(112,'POST',1,'/system/passport/login','admin','127.0.0.1',1,'Mozilla/5.0 (Windows NT 10.0; Win64; x64) AppleWebKit/537.36 (KHTML, like Gecko) Chrome/127.0.0.0 Safari/537.36 Edg/127.0.0.0','2024-08-02 14:24:37'),(113,'POST',1,'/system/passport/login','admin','127.0.0.1',1,'Mozilla/5.0 (Windows NT 10.0; Win64; x64) AppleWebKit/537.36 (KHTML, like Gecko) Chrome/127.0.0.0 Safari/537.36 Edg/127.0.0.0','2024-08-02 14:47:44'),(114,'POST',1,'/system/passport/login','admin','127.0.0.1',1,'Mozilla/5.0 (Windows NT 10.0; Win64; x64) AppleWebKit/537.36 (KHTML, like Gecko) Chrome/127.0.0.0 Safari/537.36 Edg/127.0.0.0','2024-08-02 14:50:23'),(115,'POST',1,'/system/passport/login','admin','127.0.0.1',1,'Mozilla/5.0 (Windows NT 10.0; Win64; x64) AppleWebKit/537.36 (KHTML, like Gecko) Chrome/127.0.0.0 Safari/537.36 Edg/127.0.0.0','2024-08-02 14:50:46'),(116,'POST',1,'/system/passport/login','admin','127.0.0.1',1,'Mozilla/5.0 (Windows NT 10.0; Win64; x64) AppleWebKit/537.36 (KHTML, like Gecko) Chrome/127.0.0.0 Safari/537.36 Edg/127.0.0.0','2024-08-02 14:51:01'),(117,'POST',1,'/system/passport/login','admin','127.0.0.1',1,'Mozilla/5.0 (Windows NT 10.0; Win64; x64) AppleWebKit/537.36 (KHTML, like Gecko) Chrome/127.0.0.0 Safari/537.36 Edg/127.0.0.0','2024-08-02 15:00:23'),(118,'POST',1,'/system/passport/login','admin','127.0.0.1',1,'Mozilla/5.0 (Windows NT 10.0; Win64; x64) AppleWebKit/537.36 (KHTML, like Gecko) Chrome/127.0.0.0 Safari/537.36 Edg/127.0.0.0','2024-08-02 15:02:27'),(119,'POST',1,'/system/passport/login','admin','127.0.0.1',1,'Mozilla/5.0 (Windows NT 10.0; Win64; x64) AppleWebKit/537.36 (KHTML, like Gecko) Chrome/127.0.0.0 Safari/537.36 Edg/127.0.0.0','2024-08-02 15:02:46'),(120,'POST',1,'/system/passport/login','admin','127.0.0.1',1,'Mozilla/5.0 (Windows NT 10.0; Win64; x64) AppleWebKit/537.36 (KHTML, like Gecko) Chrome/127.0.0.0 Safari/537.36 Edg/127.0.0.0','2024-08-02 15:03:01'),(121,'POST',1,'/system/passport/login','admin','127.0.0.1',1,'Mozilla/5.0 (Windows NT 10.0; Win64; x64) AppleWebKit/537.36 (KHTML, like Gecko) Chrome/127.0.0.0 Safari/537.36 Edg/127.0.0.0','2024-08-02 15:03:30'),(122,'POST',1,'/system/passport/login','admin','127.0.0.1',1,'Mozilla/5.0 (Windows NT 10.0; Win64; x64) AppleWebKit/537.36 (KHTML, like Gecko) Chrome/127.0.0.0 Safari/537.36 Edg/127.0.0.0','2024-08-02 15:39:11'),(123,'POST',1,'/system/passport/login','admin','127.0.0.1',1,'Mozilla/5.0 (Windows NT 10.0; Win64; x64) AppleWebKit/537.36 (KHTML, like Gecko) Chrome/127.0.0.0 Safari/537.36 Edg/127.0.0.0','2024-08-02 15:39:33'),(124,'POST',1,'/system/passport/login','admin','127.0.0.1',1,'Mozilla/5.0 (Windows NT 10.0; Win64; x64) AppleWebKit/537.36 (KHTML, like Gecko) Chrome/127.0.0.0 Safari/537.36 Edg/127.0.0.0','2024-08-04 12:13:10'),(125,'POST',1,'/system/passport/login','admin','127.0.0.1',1,'Mozilla/5.0 (Windows NT 10.0; Win64; x64) AppleWebKit/537.36 (KHTML, like Gecko) Chrome/127.0.0.0 Safari/537.36 Edg/127.0.0.0','2024-08-04 12:13:33'),(126,'POST',1,'/system/passport/login','admin','127.0.0.1',1,'Mozilla/5.0 (Windows NT 10.0; Win64; x64) AppleWebKit/537.36 (KHTML, like Gecko) Chrome/127.0.0.0 Safari/537.36 Edg/127.0.0.0','2024-08-04 12:14:01'),(127,'POST',1,'/system/passport/login','admin','127.0.0.1',1,'Mozilla/5.0 (Windows NT 10.0; Win64; x64) AppleWebKit/537.36 (KHTML, like Gecko) Chrome/127.0.0.0 Safari/537.36 Edg/127.0.0.0','2024-08-04 12:14:31'),(128,'POST',1,'/system/passport/login','admin','127.0.0.1',1,'Mozilla/5.0 (Windows NT 10.0; Win64; x64) AppleWebKit/537.36 (KHTML, like Gecko) Chrome/127.0.0.0 Safari/537.36 Edg/127.0.0.0','2024-08-04 12:14:50'),(129,'POST',1,'/system/passport/login','admin','127.0.0.1',1,'Mozilla/5.0 (Windows NT 10.0; Win64; x64) AppleWebKit/537.36 (KHTML, like Gecko) Chrome/127.0.0.0 Safari/537.36 Edg/127.0.0.0','2024-08-04 12:15:18'),(130,'POST',1,'/system/passport/login','admin','127.0.0.1',1,'Mozilla/5.0 (Windows NT 10.0; Win64; x64) AppleWebKit/537.36 (KHTML, like Gecko) Chrome/127.0.0.0 Safari/537.36 Edg/127.0.0.0','2024-08-04 12:15:56'),(131,'POST',1,'/system/passport/login','admin','127.0.0.1',1,'Mozilla/5.0 (Windows NT 10.0; Win64; x64) AppleWebKit/537.36 (KHTML, like Gecko) Chrome/127.0.0.0 Safari/537.36 Edg/127.0.0.0','2024-08-04 12:42:53'),(132,'POST',1,'/system/passport/login','admin','127.0.0.1',1,'Mozilla/5.0 (Windows NT 10.0; Win64; x64) AppleWebKit/537.36 (KHTML, like Gecko) Chrome/127.0.0.0 Safari/537.36 Edg/127.0.0.0','2024-08-04 12:45:28'),(133,'POST',8,'/system/passport/login','222241811199','127.0.0.1',1,'Mozilla/5.0 (Windows NT 10.0; Win64; x64) AppleWebKit/537.36 (KHTML, like Gecko) Chrome/127.0.0.0 Safari/537.36 Edg/127.0.0.0','2024-08-04 12:46:19'),(134,'POST',1,'/system/passport/login','admin','127.0.0.1',1,'Mozilla/5.0 (Windows NT 10.0; Win64; x64) AppleWebKit/537.36 (KHTML, like Gecko) Chrome/127.0.0.0 Safari/537.36 Edg/127.0.0.0','2024-08-04 12:46:41'),(135,'POST',8,'/system/passport/login','222241811199','127.0.0.1',1,'Mozilla/5.0 (Windows NT 10.0; Win64; x64) AppleWebKit/537.36 (KHTML, like Gecko) Chrome/127.0.0.0 Safari/537.36 Edg/127.0.0.0','2024-08-04 12:47:56'),(136,'POST',1,'/system/passport/login','admin','127.0.0.1',1,'Mozilla/5.0 (Windows NT 10.0; Win64; x64) AppleWebKit/537.36 (KHTML, like Gecko) Chrome/127.0.0.0 Safari/537.36 Edg/127.0.0.0','2024-08-04 12:48:26'),(137,'POST',9,'/system/passport/login','222241811104','127.0.0.1',1,'Mozilla/5.0 (Windows NT 10.0; Win64; x64) AppleWebKit/537.36 (KHTML, like Gecko) Chrome/127.0.0.0 Safari/537.36 Edg/127.0.0.0','2024-08-04 12:49:33'),(138,'POST',8,'/system/passport/login','222241811199','127.0.0.1',1,'Mozilla/5.0 (Windows NT 10.0; Win64; x64) AppleWebKit/537.36 (KHTML, like Gecko) Chrome/127.0.0.0 Safari/537.36 Edg/127.0.0.0','2024-08-04 12:56:18'),(139,'POST',1,'/system/passport/login','admin','127.0.0.1',1,'Mozilla/5.0 (Windows NT 10.0; Win64; x64) AppleWebKit/537.36 (KHTML, like Gecko) Chrome/127.0.0.0 Safari/537.36 Edg/127.0.0.0','2024-08-04 13:03:57'),(140,'POST',1,'/system/passport/login','admin','127.0.0.1',1,'Mozilla/5.0 (Windows NT 10.0; Win64; x64) AppleWebKit/537.36 (KHTML, like Gecko) Chrome/127.0.0.0 Safari/537.36 Edg/127.0.0.0','2024-08-04 13:32:11'),(141,'POST',8,'/system/passport/login','222241811199','127.0.0.1',1,'Mozilla/5.0 (Windows NT 10.0; Win64; x64) AppleWebKit/537.36 (KHTML, like Gecko) Chrome/127.0.0.0 Safari/537.36 Edg/127.0.0.0','2024-08-04 13:33:16'),(142,'GET',8,'/system/per/edit/8','{}','127.0.0.1',0,'Mozilla/5.0 (Windows NT 10.0; Win64; x64) AppleWebKit/537.36 (KHTML, like Gecko) Chrome/127.0.0.0 Safari/537.36 Edg/127.0.0.0','2024-08-04 13:33:35'),(143,'POST',1,'/system/passport/login','admin','127.0.0.1',1,'Mozilla/5.0 (Windows NT 10.0; Win64; x64) AppleWebKit/537.36 (KHTML, like Gecko) Chrome/127.0.0.0 Safari/537.36 Edg/127.0.0.0','2024-08-04 13:34:37'),(144,'POST',8,'/system/passport/login','222241811199','127.0.0.1',1,'Mozilla/5.0 (Windows NT 10.0; Win64; x64) AppleWebKit/537.36 (KHTML, like Gecko) Chrome/127.0.0.0 Safari/537.36 Edg/127.0.0.0','2024-08-04 13:35:44'),(145,'POST',1,'/system/passport/login','admin','127.0.0.1',1,'Mozilla/5.0 (Windows NT 10.0; Win64; x64) AppleWebKit/537.36 (KHTML, like Gecko) Chrome/127.0.0.0 Safari/537.36 Edg/127.0.0.0','2024-08-04 13:36:15'),(146,'POST',8,'/system/passport/login','222241811199','127.0.0.1',1,'Mozilla/5.0 (Windows NT 10.0; Win64; x64) AppleWebKit/537.36 (KHTML, like Gecko) Chrome/127.0.0.0 Safari/537.36 Edg/127.0.0.0','2024-08-04 13:36:49'),(147,'GET',8,'/system/per/edit/8','{}','127.0.0.1',0,'Mozilla/5.0 (Windows NT 10.0; Win64; x64) AppleWebKit/537.36 (KHTML, like Gecko) Chrome/127.0.0.0 Safari/537.36 Edg/127.0.0.0','2024-08-04 13:36:54'),(148,'GET',8,'/system/per/edit/8','{}','127.0.0.1',0,'Mozilla/5.0 (Windows NT 10.0; Win64; x64) AppleWebKit/537.36 (KHTML, like Gecko) Chrome/127.0.0.0 Safari/537.36 Edg/127.0.0.0','2024-08-04 13:37:10'),(149,'GET',8,'/system/per/edit/8','{}','127.0.0.1',0,'Mozilla/5.0 (Windows NT 10.0; Win64; x64) AppleWebKit/537.36 (KHTML, like Gecko) Chrome/127.0.0.0 Safari/537.36 Edg/127.0.0.0','2024-08-04 13:38:15'),(150,'GET',8,'/system/per/edit/8','{}','127.0.0.1',0,'Mozilla/5.0 (Windows NT 10.0; Win64; x64) AppleWebKit/537.36 (KHTML, like Gecko) Chrome/127.0.0.0 Safari/537.36 Edg/127.0.0.0','2024-08-04 13:41:56'),(151,'GET',8,'/system/per/edit/8','{}','127.0.0.1',0,'Mozilla/5.0 (Windows NT 10.0; Win64; x64) AppleWebKit/537.36 (KHTML, like Gecko) Chrome/127.0.0.0 Safari/537.36 Edg/127.0.0.0','2024-08-04 13:46:11'),(152,'POST',1,'/system/passport/login','admin','127.0.0.1',1,'Mozilla/5.0 (Windows NT 10.0; Win64; x64) AppleWebKit/537.36 (KHTML, like Gecko) Chrome/127.0.0.0 Safari/537.36 Edg/127.0.0.0','2024-08-04 13:49:38'),(153,'POST',8,'/system/passport/login','222241811199','127.0.0.1',0,'Mozilla/5.0 (Windows NT 10.0; Win64; x64) AppleWebKit/537.36 (KHTML, like Gecko) Chrome/127.0.0.0 Safari/537.36 Edg/127.0.0.0','2024-08-04 13:50:12'),(154,'POST',8,'/system/passport/login','222241811199','127.0.0.1',1,'Mozilla/5.0 (Windows NT 10.0; Win64; x64) AppleWebKit/537.36 (KHTML, like Gecko) Chrome/127.0.0.0 Safari/537.36 Edg/127.0.0.0','2024-08-04 13:50:21'),(155,'GET',8,'/system/per/edit/8','{}','127.0.0.1',1,'Mozilla/5.0 (Windows NT 10.0; Win64; x64) AppleWebKit/537.36 (KHTML, like Gecko) Chrome/127.0.0.0 Safari/537.36 Edg/127.0.0.0','2024-08-04 13:50:27'),(156,'GET',8,'/system/per/edit/8','{}','127.0.0.1',1,'Mozilla/5.0 (Windows NT 10.0; Win64; x64) AppleWebKit/537.36 (KHTML, like Gecko) Chrome/127.0.0.0 Safari/537.36 Edg/127.0.0.0','2024-08-04 13:51:21'),(157,'GET',8,'/system/per/edit/8','{}','127.0.0.1',1,'Mozilla/5.0 (Windows NT 10.0; Win64; x64) AppleWebKit/537.36 (KHTML, like Gecko) Chrome/127.0.0.0 Safari/537.36 Edg/127.0.0.0','2024-08-04 13:53:23'),(158,'GET',8,'/system/per/edit/8','{}','127.0.0.1',1,'Mozilla/5.0 (Windows NT 10.0; Win64; x64) AppleWebKit/537.36 (KHTML, like Gecko) Chrome/127.0.0.0 Safari/537.36 Edg/127.0.0.0','2024-08-04 13:53:53'),(159,'PUT',8,'/system/per/update','{&#39;email&#39;: &#39;None&#39;, &#39;phone&#39;: &#39;None&#39;, &#39;studentname&#39;: &#39;刘文&#39;, &#39;xuehao&#39;: &#39;22241811199&#39;, &#39;academy&#39;: &#39;计算机学院&#39;, &#39;grade&#39;: &#39;大四&#39;, &#39;semester&#39;: &#39;第一学期&#39;}','127.0.0.1',1,'Mozilla/5.0 (Windows NT 10.0; Win64; x64) AppleWebKit/537.36 (KHTML, like Gecko) Chrome/127.0.0.0 Safari/537.36 Edg/127.0.0.0','2024-08-04 13:53:58'),(160,'GET',8,'/system/per/edit/8','{}','127.0.0.1',1,'Mozilla/5.0 (Windows NT 10.0; Win64; x64) AppleWebKit/537.36 (KHTML, like Gecko) Chrome/127.0.0.0 Safari/537.36 Edg/127.0.0.0','2024-08-04 13:54:03'),(161,'GET',8,'/system/per/edit/8','{}','127.0.0.1',1,'Mozilla/5.0 (Windows NT 10.0; Win64; x64) AppleWebKit/537.36 (KHTML, like Gecko) Chrome/127.0.0.0 Safari/537.36 Edg/127.0.0.0','2024-08-04 13:56:04'),(162,'PUT',8,'/system/per/update','{&#39;email&#39;: &#39;None&#39;, &#39;phone&#39;: &#39;None&#39;, &#39;studentname&#39;: &#39;刘文静&#39;, &#39;xuehao&#39;: &#39;22241811199&#39;, &#39;academy&#39;: &#39;计算机学院&#39;, &#39;grade&#39;: &#39;大四&#39;, &#39;semester&#39;: &#39;第一学期&#39;}','127.0.0.1',1,'Mozilla/5.0 (Windows NT 10.0; Win64; x64) AppleWebKit/537.36 (KHTML, like Gecko) Chrome/127.0.0.0 Safari/537.36 Edg/127.0.0.0','2024-08-04 13:56:16'),(163,'GET',8,'/system/per/edit/8','{}','127.0.0.1',1,'Mozilla/5.0 (Windows NT 10.0; Win64; x64) AppleWebKit/537.36 (KHTML, like Gecko) Chrome/127.0.0.0 Safari/537.36 Edg/127.0.0.0','2024-08-04 13:56:20'),(164,'GET',8,'/system/per/edit/8','{}','127.0.0.1',1,'Mozilla/5.0 (Windows NT 10.0; Win64; x64) AppleWebKit/537.36 (KHTML, like Gecko) Chrome/127.0.0.0 Safari/537.36 Edg/127.0.0.0','2024-08-04 13:57:31'),(165,'PUT',8,'/system/student/update','{&#39;studentId&#39;: &#39;13&#39;, &#39;studentname&#39;: &#39;刘文静&#39;, &#39;xuehao&#39;: &#39;22241811199&#39;, &#39;academy&#39;: &#39;计算机学院&#39;, &#39;grade&#39;: &#39;大四&#39;, &#39;semester&#39;: &#39;第二学期&#39;, &#39;email&#39;: &#39;&#39;, &#39;phone&#39;: &#39;&#39;}','127.0.0.1',0,'Mozilla/5.0 (Windows NT 10.0; Win64; x64) AppleWebKit/537.36 (KHTML, like Gecko) Chrome/127.0.0.0 Safari/537.36 Edg/127.0.0.0','2024-08-04 13:57:51'),(166,'PUT',8,'/system/student/update','{&#39;studentId&#39;: &#39;13&#39;, &#39;studentname&#39;: &#39;刘文静&#39;, &#39;xuehao&#39;: &#39;22241811199&#39;, &#39;academy&#39;: &#39;计算机学院&#39;, &#39;grade&#39;: &#39;大四&#39;, &#39;semester&#39;: &#39;第二学期&#39;, &#39;email&#39;: &#39;&#39;, &#39;phone&#39;: &#39;&#39;}','127.0.0.1',0,'Mozilla/5.0 (Windows NT 10.0; Win64; x64) AppleWebKit/537.36 (KHTML, like Gecko) Chrome/127.0.0.0 Safari/537.36 Edg/127.0.0.0','2024-08-04 13:57:54'),(167,'PUT',8,'/system/student/update','{&#39;studentId&#39;: &#39;13&#39;, &#39;studentname&#39;: &#39;刘文&#39;, &#39;xuehao&#39;: &#39;22241811199&#39;, &#39;academy&#39;: &#39;计算机学院&#39;, &#39;grade&#39;: &#39;大四&#39;, &#39;semester&#39;: &#39;第二学期&#39;, &#39;email&#39;: &#39;&#39;, &#39;phone&#39;: &#39;&#39;}','127.0.0.1',0,'Mozilla/5.0 (Windows NT 10.0; Win64; x64) AppleWebKit/537.36 (KHTML, like Gecko) Chrome/127.0.0.0 Safari/537.36 Edg/127.0.0.0','2024-08-04 13:57:58'),(168,'PUT',8,'/system/student/update','{&#39;studentId&#39;: &#39;13&#39;, &#39;studentname&#39;: &#39;刘文&#39;, &#39;xuehao&#39;: &#39;22241811199&#39;, &#39;academy&#39;: &#39;计算机学院&#39;, &#39;grade&#39;: &#39;大四&#39;, &#39;semester&#39;: &#39;第一学期&#39;, &#39;email&#39;: &#39;&#39;, &#39;phone&#39;: &#39;&#39;}','127.0.0.1',0,'Mozilla/5.0 (Windows NT 10.0; Win64; x64) AppleWebKit/537.36 (KHTML, like Gecko) Chrome/127.0.0.0 Safari/537.36 Edg/127.0.0.0','2024-08-04 13:58:01'),(169,'GET',8,'/system/per/edit/8','{}','127.0.0.1',1,'Mozilla/5.0 (Windows NT 10.0; Win64; x64) AppleWebKit/537.36 (KHTML, like Gecko) Chrome/127.0.0.0 Safari/537.36 Edg/127.0.0.0','2024-08-04 13:58:43'),(170,'PUT',8,'/system/student/update','{&#39;studentId&#39;: &#39;13&#39;, &#39;studentname&#39;: &#39;刘文&#39;, &#39;xuehao&#39;: &#39;22241811199&#39;, &#39;academy&#39;: &#39;计算机学院&#39;, &#39;grade&#39;: &#39;大四&#39;, &#39;semester&#39;: &#39;第一学期&#39;, &#39;email&#39;: &#39;&#39;, &#39;phone&#39;: &#39;&#39;}','127.0.0.1',0,'Mozilla/5.0 (Windows NT 10.0; Win64; x64) AppleWebKit/537.36 (KHTML, like Gecko) Chrome/127.0.0.0 Safari/537.36 Edg/127.0.0.0','2024-08-04 13:58:50'),(171,'GET',8,'/system/per/edit/8','{}','127.0.0.1',1,'Mozilla/5.0 (Windows NT 10.0; Win64; x64) AppleWebKit/537.36 (KHTML, like Gecko) Chrome/127.0.0.0 Safari/537.36 Edg/127.0.0.0','2024-08-04 13:59:26'),(172,'PUT',8,'/system/per/update','{&#39;email&#39;: &#39;None&#39;, &#39;phone&#39;: &#39;None&#39;, &#39;studentname&#39;: &#39;刘文&#39;, &#39;xuehao&#39;: &#39;22241811199&#39;, &#39;academy&#39;: &#39;计算机学院&#39;, &#39;grade&#39;: &#39;大四&#39;, &#39;semester&#39;: &#39;第一学期&#39;}','127.0.0.1',1,'Mozilla/5.0 (Windows NT 10.0; Win64; x64) AppleWebKit/537.36 (KHTML, like Gecko) Chrome/127.0.0.0 Safari/537.36 Edg/127.0.0.0','2024-08-04 13:59:33'),(173,'GET',8,'/system/per/edit/8','{}','127.0.0.1',1,'Mozilla/5.0 (Windows NT 10.0; Win64; x64) AppleWebKit/537.36 (KHTML, like Gecko) Chrome/127.0.0.0 Safari/537.36 Edg/127.0.0.0','2024-08-04 14:03:41'),(174,'PUT',8,'/system/per/update','{&#39;email&#39;: &#39;None&#39;, &#39;phone&#39;: &#39;None&#39;, &#39;studentname&#39;: &#39;刘文静&#39;, &#39;xuehao&#39;: &#39;22241811199&#39;, &#39;academy&#39;: &#39;计算机学院&#39;, &#39;grade&#39;: &#39;大四&#39;, &#39;semester&#39;: &#39;第一学期&#39;}','127.0.0.1',1,'Mozilla/5.0 (Windows NT 10.0; Win64; x64) AppleWebKit/537.36 (KHTML, like Gecko) Chrome/127.0.0.0 Safari/537.36 Edg/127.0.0.0','2024-08-04 14:03:47'),(175,'PUT',8,'/system/per/update','{&#39;email&#39;: &#39;None&#39;, &#39;phone&#39;: &#39;None&#39;, &#39;studentname&#39;: &#39;刘文静&#39;, &#39;xuehao&#39;: &#39;22241811199&#39;, &#39;academy&#39;: &#39;计算机学院&#39;, &#39;grade&#39;: &#39;大四&#39;, &#39;semester&#39;: &#39;第一学期&#39;}','127.0.0.1',1,'Mozilla/5.0 (Windows NT 10.0; Win64; x64) AppleWebKit/537.36 (KHTML, like Gecko) Chrome/127.0.0.0 Safari/537.36 Edg/127.0.0.0','2024-08-04 14:03:47'),(176,'PUT',8,'/system/per/update','{&#39;email&#39;: &#39;None&#39;, &#39;phone&#39;: &#39;None&#39;, &#39;studentname&#39;: &#39;刘文静&#39;, &#39;xuehao&#39;: &#39;22241811199&#39;, &#39;academy&#39;: &#39;计算机学院&#39;, &#39;grade&#39;: &#39;大四&#39;, &#39;semester&#39;: &#39;第一学期&#39;}','127.0.0.1',1,'Mozilla/5.0 (Windows NT 10.0; Win64; x64) AppleWebKit/537.36 (KHTML, like Gecko) Chrome/127.0.0.0 Safari/537.36 Edg/127.0.0.0','2024-08-04 14:03:55'),(177,'PUT',8,'/system/per/update','{&#39;email&#39;: &#39;None&#39;, &#39;phone&#39;: &#39;None&#39;, &#39;studentname&#39;: &#39;刘文静&#39;, &#39;xuehao&#39;: &#39;22241811199&#39;, &#39;academy&#39;: &#39;计算机学院&#39;, &#39;grade&#39;: &#39;大四&#39;, &#39;semester&#39;: &#39;第一学期&#39;}','127.0.0.1',1,'Mozilla/5.0 (Windows NT 10.0; Win64; x64) AppleWebKit/537.36 (KHTML, like Gecko) Chrome/127.0.0.0 Safari/537.36 Edg/127.0.0.0','2024-08-04 14:03:55'),(178,'PUT',8,'/system/per/update','{&#39;email&#39;: &#39;None&#39;, &#39;phone&#39;: &#39;None&#39;, &#39;studentname&#39;: &#39;刘文静&#39;, &#39;xuehao&#39;: &#39;22241811199&#39;, &#39;academy&#39;: &#39;计算机学院&#39;, &#39;grade&#39;: &#39;大四&#39;, &#39;semester&#39;: &#39;第一学期&#39;}','127.0.0.1',1,'Mozilla/5.0 (Windows NT 10.0; Win64; x64) AppleWebKit/537.36 (KHTML, like Gecko) Chrome/127.0.0.0 Safari/537.36 Edg/127.0.0.0','2024-08-04 14:04:03'),(179,'PUT',8,'/system/per/update','{&#39;email&#39;: &#39;None&#39;, &#39;phone&#39;: &#39;None&#39;, &#39;studentname&#39;: &#39;刘文静&#39;, &#39;xuehao&#39;: &#39;22241811199&#39;, &#39;academy&#39;: &#39;计算机学院&#39;, &#39;grade&#39;: &#39;大四&#39;, &#39;semester&#39;: &#39;第一学期&#39;}','127.0.0.1',1,'Mozilla/5.0 (Windows NT 10.0; Win64; x64) AppleWebKit/537.36 (KHTML, like Gecko) Chrome/127.0.0.0 Safari/537.36 Edg/127.0.0.0','2024-08-04 14:04:03'),(180,'GET',8,'/system/per/edit/8','{}','127.0.0.1',1,'Mozilla/5.0 (Windows NT 10.0; Win64; x64) AppleWebKit/537.36 (KHTML, like Gecko) Chrome/127.0.0.0 Safari/537.36 Edg/127.0.0.0','2024-08-04 14:04:50'),(181,'PUT',8,'/system/per/update','{&#39;email&#39;: &#39;None&#39;, &#39;phone&#39;: &#39;None&#39;, &#39;studentname&#39;: &#39;刘文静&#39;, &#39;xuehao&#39;: &#39;22241811199&#39;, &#39;academy&#39;: &#39;计算机学院&#39;, &#39;grade&#39;: &#39;大四&#39;, &#39;semester&#39;: &#39;第一学期&#39;}','127.0.0.1',1,'Mozilla/5.0 (Windows NT 10.0; Win64; x64) AppleWebKit/537.36 (KHTML, like Gecko) Chrome/127.0.0.0 Safari/537.36 Edg/127.0.0.0','2024-08-04 14:04:51'),(182,'PUT',8,'/system/per/update','{&#39;email&#39;: &#39;None&#39;, &#39;phone&#39;: &#39;None&#39;, &#39;studentname&#39;: &#39;刘文静&#39;, &#39;xuehao&#39;: &#39;22241811199&#39;, &#39;academy&#39;: &#39;计算机学院&#39;, &#39;grade&#39;: &#39;大四&#39;, &#39;semester&#39;: &#39;第一学期&#39;}','127.0.0.1',1,'Mozilla/5.0 (Windows NT 10.0; Win64; x64) AppleWebKit/537.36 (KHTML, like Gecko) Chrome/127.0.0.0 Safari/537.36 Edg/127.0.0.0','2024-08-04 14:04:51'),(183,'GET',8,'/system/per/edit/8','{}','127.0.0.1',1,'Mozilla/5.0 (Windows NT 10.0; Win64; x64) AppleWebKit/537.36 (KHTML, like Gecko) Chrome/127.0.0.0 Safari/537.36 Edg/127.0.0.0','2024-08-04 14:06:14'),(184,'PUT',8,'/system/per/update','{&#39;email&#39;: &#39;None&#39;, &#39;phone&#39;: &#39;None&#39;, &#39;studentname&#39;: &#39;刘文&#39;, &#39;xuehao&#39;: &#39;22241811199&#39;, &#39;academy&#39;: &#39;计算机学院&#39;, &#39;grade&#39;: &#39;大四&#39;, &#39;semester&#39;: &#39;第一学期&#39;}','127.0.0.1',1,'Mozilla/5.0 (Windows NT 10.0; Win64; x64) AppleWebKit/537.36 (KHTML, like Gecko) Chrome/127.0.0.0 Safari/537.36 Edg/127.0.0.0','2024-08-04 14:06:19'),(185,'GET',8,'/system/per/edit/8','{}','127.0.0.1',1,'Mozilla/5.0 (Windows NT 10.0; Win64; x64) AppleWebKit/537.36 (KHTML, like Gecko) Chrome/127.0.0.0 Safari/537.36 Edg/127.0.0.0','2024-08-04 14:06:46'),(186,'PUT',8,'/system/per/update','{&#39;email&#39;: &#39;None&#39;, &#39;phone&#39;: &#39;None&#39;, &#39;studentname&#39;: &#39;刘文&#39;, &#39;xuehao&#39;: &#39;22241811199&#39;, &#39;academy&#39;: &#39;计算机学院&#39;, &#39;grade&#39;: &#39;大四&#39;, &#39;semester&#39;: &#39;第一学期&#39;}','127.0.0.1',1,'Mozilla/5.0 (Windows NT 10.0; Win64; x64) AppleWebKit/537.36 (KHTML, like Gecko) Chrome/127.0.0.0 Safari/537.36 Edg/127.0.0.0','2024-08-04 14:06:47'),(187,'PUT',8,'/system/per/update','{&#39;email&#39;: &#39;None&#39;, &#39;phone&#39;: &#39;None&#39;, &#39;studentname&#39;: &#39;刘文&#39;, &#39;xuehao&#39;: &#39;22241811199&#39;, &#39;academy&#39;: &#39;计算机学院&#39;, &#39;grade&#39;: &#39;大四&#39;, &#39;semester&#39;: &#39;第一学期&#39;}','127.0.0.1',1,'Mozilla/5.0 (Windows NT 10.0; Win64; x64) AppleWebKit/537.36 (KHTML, like Gecko) Chrome/127.0.0.0 Safari/537.36 Edg/127.0.0.0','2024-08-04 14:06:47'),(188,'PUT',8,'/system/per/update','{&#39;email&#39;: &#39;None&#39;, &#39;phone&#39;: &#39;None&#39;, &#39;studentname&#39;: &#39;刘文&#39;, &#39;xuehao&#39;: &#39;22241811199&#39;, &#39;academy&#39;: &#39;计算机学院&#39;, &#39;grade&#39;: &#39;大四&#39;, &#39;semester&#39;: &#39;第一学期&#39;}','127.0.0.1',1,'Mozilla/5.0 (Windows NT 10.0; Win64; x64) AppleWebKit/537.36 (KHTML, like Gecko) Chrome/127.0.0.0 Safari/537.36 Edg/127.0.0.0','2024-08-04 14:06:49'),(189,'GET',8,'/system/per/edit/8','{}','127.0.0.1',1,'Mozilla/5.0 (Windows NT 10.0; Win64; x64) AppleWebKit/537.36 (KHTML, like Gecko) Chrome/127.0.0.0 Safari/537.36 Edg/127.0.0.0','2024-08-04 14:08:17'),(190,'PUT',8,'/system/per/update','{&#39;email&#39;: &#39;None&#39;}','127.0.0.1',1,'Mozilla/5.0 (Windows NT 10.0; Win64; x64) AppleWebKit/537.36 (KHTML, like Gecko) Chrome/127.0.0.0 Safari/537.36 Edg/127.0.0.0','2024-08-04 14:08:20'),(191,'GET',8,'/system/per/edit/8','{}','127.0.0.1',1,'Mozilla/5.0 (Windows NT 10.0; Win64; x64) AppleWebKit/537.36 (KHTML, like Gecko) Chrome/127.0.0.0 Safari/537.36 Edg/127.0.0.0','2024-08-04 14:08:36'),(192,'GET',8,'/system/per/edit/8','{}','127.0.0.1',1,'Mozilla/5.0 (Windows NT 10.0; Win64; x64) AppleWebKit/537.36 (KHTML, like Gecko) Chrome/127.0.0.0 Safari/537.36 Edg/127.0.0.0','2024-08-04 14:08:53'),(193,'GET',8,'/system/per/edit/8','{}','127.0.0.1',1,'Mozilla/5.0 (Windows NT 10.0; Win64; x64) AppleWebKit/537.36 (KHTML, like Gecko) Chrome/127.0.0.0 Safari/537.36 Edg/127.0.0.0','2024-08-04 14:09:14'),(194,'PUT',8,'/system/per/update','{&#39;email&#39;: &#39;None&#39;, &#39;phone&#39;: &#39;11&#39;, &#39;studentname&#39;: &#39;None&#39;, &#39;xuehao&#39;: &#39;None&#39;, &#39;academy&#39;: &#39;None&#39;, &#39;grade&#39;: &#39;None&#39;, &#39;semester&#39;: &#39;None&#39;}','127.0.0.1',1,'Mozilla/5.0 (Windows NT 10.0; Win64; x64) AppleWebKit/537.36 (KHTML, like Gecko) Chrome/127.0.0.0 Safari/537.36 Edg/127.0.0.0','2024-08-04 14:09:21'),(195,'PUT',8,'/system/per/update','{&#39;email&#39;: &#39;None&#39;, &#39;phone&#39;: &#39;11&#39;, &#39;studentname&#39;: &#39;None&#39;, &#39;xuehao&#39;: &#39;None&#39;, &#39;academy&#39;: &#39;None&#39;, &#39;grade&#39;: &#39;None&#39;, &#39;semester&#39;: &#39;None&#39;}','127.0.0.1',1,'Mozilla/5.0 (Windows NT 10.0; Win64; x64) AppleWebKit/537.36 (KHTML, like Gecko) Chrome/127.0.0.0 Safari/537.36 Edg/127.0.0.0','2024-08-04 14:09:21'),(196,'GET',8,'/system/per/edit/8','{}','127.0.0.1',1,'Mozilla/5.0 (Windows NT 10.0; Win64; x64) AppleWebKit/537.36 (KHTML, like Gecko) Chrome/127.0.0.0 Safari/537.36 Edg/127.0.0.0','2024-08-04 14:11:10'),(197,'PUT',8,'/system/per/update','{&#39;email&#39;: &#39;None&#39;, &#39;phone&#39;: &#39;11&#39;, &#39;studentname&#39;: &#39;None&#39;, &#39;xuehao&#39;: &#39;None&#39;, &#39;academy&#39;: &#39;None&#39;, &#39;grade&#39;: &#39;None&#39;, &#39;semester&#39;: &#39;None&#39;}','127.0.0.1',1,'Mozilla/5.0 (Windows NT 10.0; Win64; x64) AppleWebKit/537.36 (KHTML, like Gecko) Chrome/127.0.0.0 Safari/537.36 Edg/127.0.0.0','2024-08-04 14:11:11'),(198,'PUT',8,'/system/per/update','{&#39;email&#39;: &#39;None&#39;, &#39;phone&#39;: &#39;11&#39;, &#39;studentname&#39;: &#39;None&#39;, &#39;xuehao&#39;: &#39;None&#39;, &#39;academy&#39;: &#39;None&#39;, &#39;grade&#39;: &#39;None&#39;, &#39;semester&#39;: &#39;None&#39;}','127.0.0.1',1,'Mozilla/5.0 (Windows NT 10.0; Win64; x64) AppleWebKit/537.36 (KHTML, like Gecko) Chrome/127.0.0.0 Safari/537.36 Edg/127.0.0.0','2024-08-04 14:11:11'),(199,'GET',8,'/system/per/edit/8','{}','127.0.0.1',1,'Mozilla/5.0 (Windows NT 10.0; Win64; x64) AppleWebKit/537.36 (KHTML, like Gecko) Chrome/127.0.0.0 Safari/537.36 Edg/127.0.0.0','2024-08-04 14:12:38'),(200,'PUT',8,'/system/per/update','{&#39;email&#39;: &#39;None&#39;, &#39;phone&#39;: &#39;11&#39;, &#39;studentname&#39;: &#39;None&#39;, &#39;xuehao&#39;: &#39;None&#39;, &#39;academy&#39;: &#39;None&#39;, &#39;grade&#39;: &#39;None&#39;, &#39;semester&#39;: &#39;None&#39;}','127.0.0.1',1,'Mozilla/5.0 (Windows NT 10.0; Win64; x64) AppleWebKit/537.36 (KHTML, like Gecko) Chrome/127.0.0.0 Safari/537.36 Edg/127.0.0.0','2024-08-04 14:12:39'),(201,'PUT',8,'/system/per/update','{&#39;email&#39;: &#39;None&#39;, &#39;phone&#39;: &#39;11&#39;, &#39;studentname&#39;: &#39;None&#39;, &#39;xuehao&#39;: &#39;None&#39;, &#39;academy&#39;: &#39;None&#39;, &#39;grade&#39;: &#39;None&#39;, &#39;semester&#39;: &#39;None&#39;}','127.0.0.1',1,'Mozilla/5.0 (Windows NT 10.0; Win64; x64) AppleWebKit/537.36 (KHTML, like Gecko) Chrome/127.0.0.0 Safari/537.36 Edg/127.0.0.0','2024-08-04 14:12:39'),(202,'PUT',8,'/system/per/update','{&#39;email&#39;: &#39;None&#39;, &#39;phone&#39;: &#39;11&#39;, &#39;studentname&#39;: &#39;None&#39;, &#39;xuehao&#39;: &#39;None&#39;, &#39;academy&#39;: &#39;None&#39;, &#39;grade&#39;: &#39;None&#39;, &#39;semester&#39;: &#39;None&#39;}','127.0.0.1',1,'Mozilla/5.0 (Windows NT 10.0; Win64; x64) AppleWebKit/537.36 (KHTML, like Gecko) Chrome/127.0.0.0 Safari/537.36 Edg/127.0.0.0','2024-08-04 14:12:42'),(203,'PUT',8,'/system/per/update','{&#39;email&#39;: &#39;None&#39;, &#39;phone&#39;: &#39;11&#39;, &#39;studentname&#39;: &#39;None&#39;, &#39;xuehao&#39;: &#39;None&#39;, &#39;academy&#39;: &#39;None&#39;, &#39;grade&#39;: &#39;None&#39;, &#39;semester&#39;: &#39;None&#39;}','127.0.0.1',1,'Mozilla/5.0 (Windows NT 10.0; Win64; x64) AppleWebKit/537.36 (KHTML, like Gecko) Chrome/127.0.0.0 Safari/537.36 Edg/127.0.0.0','2024-08-04 14:12:42'),(204,'GET',8,'/system/per/edit/8','{}','127.0.0.1',1,'Mozilla/5.0 (Windows NT 10.0; Win64; x64) AppleWebKit/537.36 (KHTML, like Gecko) Chrome/127.0.0.0 Safari/537.36 Edg/127.0.0.0','2024-08-04 14:13:42'),(205,'GET',8,'/system/per/edit/8','{&#39;phone&#39;: &#39;11&#39;, &#39;semester&#39;: &#39;None&#39;, &#39;xuehao&#39;: &#39;None&#39;, &#39;studentname&#39;: &#39;None&#39;, &#39;grade&#39;: &#39;None&#39;, &#39;academy&#39;: &#39;None&#39;, &#39;email&#39;: &#39;None&#39;}','127.0.0.1',1,'Mozilla/5.0 (Windows NT 10.0; Win64; x64) AppleWebKit/537.36 (KHTML, like Gecko) Chrome/127.0.0.0 Safari/537.36 Edg/127.0.0.0','2024-08-04 14:13:43'),(206,'GET',8,'/system/per/edit/8','{&#39;phone&#39;: &#39;11&#39;, &#39;semester&#39;: &#39;None&#39;, &#39;xuehao&#39;: &#39;None&#39;, &#39;studentname&#39;: &#39;None&#39;, &#39;grade&#39;: &#39;None&#39;, &#39;academy&#39;: &#39;None&#39;, &#39;email&#39;: &#39;None&#39;}','127.0.0.1',1,'Mozilla/5.0 (Windows NT 10.0; Win64; x64) AppleWebKit/537.36 (KHTML, like Gecko) Chrome/127.0.0.0 Safari/537.36 Edg/127.0.0.0','2024-08-04 14:13:45'),(207,'GET',8,'/system/per/edit/8','{&#39;phone&#39;: &#39;122&#39;, &#39;semester&#39;: &#39;None&#39;, &#39;xuehao&#39;: &#39;None&#39;, &#39;studentname&#39;: &#39;None&#39;, &#39;grade&#39;: &#39;None&#39;, &#39;academy&#39;: &#39;None&#39;, &#39;email&#39;: &#39;None&#39;}','127.0.0.1',1,'Mozilla/5.0 (Windows NT 10.0; Win64; x64) AppleWebKit/537.36 (KHTML, like Gecko) Chrome/127.0.0.0 Safari/537.36 Edg/127.0.0.0','2024-08-04 14:13:48'),(208,'GET',8,'/system/per/edit/8','{}','127.0.0.1',1,'Mozilla/5.0 (Windows NT 10.0; Win64; x64) AppleWebKit/537.36 (KHTML, like Gecko) Chrome/127.0.0.0 Safari/537.36 Edg/127.0.0.0','2024-08-04 14:17:52'),(209,'GET',8,'/system/per/edit/8','{}','127.0.0.1',1,'Mozilla/5.0 (Windows NT 10.0; Win64; x64) AppleWebKit/537.36 (KHTML, like Gecko) Chrome/127.0.0.0 Safari/537.36 Edg/127.0.0.0','2024-08-04 14:18:33'),(210,'PUT',8,'/system/per/update','{&#39;email&#39;: &#39;None&#39;, &#39;phone&#39;: &#39;11&#39;, &#39;studentname&#39;: &#39;None&#39;, &#39;xuehao&#39;: &#39;None&#39;, &#39;academy&#39;: &#39;None&#39;, &#39;grade&#39;: &#39;None&#39;, &#39;semester&#39;: &#39;None&#39;}','127.0.0.1',1,'Mozilla/5.0 (Windows NT 10.0; Win64; x64) AppleWebKit/537.36 (KHTML, like Gecko) Chrome/127.0.0.0 Safari/537.36 Edg/127.0.0.0','2024-08-04 14:18:34'),(211,'PUT',8,'/system/per/update','{&#39;email&#39;: &#39;None&#39;, &#39;phone&#39;: &#39;11&#39;, &#39;studentname&#39;: &#39;None&#39;, &#39;xuehao&#39;: &#39;None&#39;, &#39;academy&#39;: &#39;None&#39;, &#39;grade&#39;: &#39;None&#39;, &#39;semester&#39;: &#39;None&#39;}','127.0.0.1',1,'Mozilla/5.0 (Windows NT 10.0; Win64; x64) AppleWebKit/537.36 (KHTML, like Gecko) Chrome/127.0.0.0 Safari/537.36 Edg/127.0.0.0','2024-08-04 14:18:34'),(212,'GET',8,'/system/per/edit/8','{}','127.0.0.1',1,'Mozilla/5.0 (Windows NT 10.0; Win64; x64) AppleWebKit/537.36 (KHTML, like Gecko) Chrome/127.0.0.0 Safari/537.36 Edg/127.0.0.0','2024-08-04 14:20:51'),(213,'PUT',8,'/system/per/update','{&#39;email&#39;: &#39;None&#39;, &#39;phone&#39;: &#39;11&#39;, &#39;studentname&#39;: &#39;None&#39;, &#39;xuehao&#39;: &#39;None&#39;, &#39;academy&#39;: &#39;None&#39;, &#39;grade&#39;: &#39;None&#39;, &#39;semester&#39;: &#39;None&#39;}','127.0.0.1',1,'Mozilla/5.0 (Windows NT 10.0; Win64; x64) AppleWebKit/537.36 (KHTML, like Gecko) Chrome/127.0.0.0 Safari/537.36 Edg/127.0.0.0','2024-08-04 14:20:52'),(214,'PUT',8,'/system/per/update','{&#39;email&#39;: &#39;None&#39;, &#39;phone&#39;: &#39;11&#39;, &#39;studentname&#39;: &#39;None&#39;, &#39;xuehao&#39;: &#39;None&#39;, &#39;academy&#39;: &#39;None&#39;, &#39;grade&#39;: &#39;None&#39;, &#39;semester&#39;: &#39;None&#39;}','127.0.0.1',1,'Mozilla/5.0 (Windows NT 10.0; Win64; x64) AppleWebKit/537.36 (KHTML, like Gecko) Chrome/127.0.0.0 Safari/537.36 Edg/127.0.0.0','2024-08-04 14:20:53'),(215,'PUT',8,'/system/per/update','{&#39;email&#39;: &#39;Non&#39;, &#39;phone&#39;: &#39;11&#39;, &#39;studentname&#39;: &#39;None&#39;, &#39;xuehao&#39;: &#39;None&#39;, &#39;academy&#39;: &#39;None&#39;, &#39;grade&#39;: &#39;None&#39;, &#39;semester&#39;: &#39;None&#39;}','127.0.0.1',1,'Mozilla/5.0 (Windows NT 10.0; Win64; x64) AppleWebKit/537.36 (KHTML, like Gecko) Chrome/127.0.0.0 Safari/537.36 Edg/127.0.0.0','2024-08-04 14:20:56'),(216,'PUT',8,'/system/per/update','{&#39;email&#39;: &#39;Non&#39;, &#39;phone&#39;: &#39;11&#39;, &#39;studentname&#39;: &#39;None&#39;, &#39;xuehao&#39;: &#39;None&#39;, &#39;academy&#39;: &#39;None&#39;, &#39;grade&#39;: &#39;None&#39;, &#39;semester&#39;: &#39;None&#39;}','127.0.0.1',1,'Mozilla/5.0 (Windows NT 10.0; Win64; x64) AppleWebKit/537.36 (KHTML, like Gecko) Chrome/127.0.0.0 Safari/537.36 Edg/127.0.0.0','2024-08-04 14:20:56'),(217,'PUT',8,'/system/per/update','{&#39;email&#39;: &#39;Non&#39;, &#39;phone&#39;: &#39;11&#39;, &#39;studentname&#39;: &#39;None&#39;, &#39;xuehao&#39;: &#39;None&#39;, &#39;academy&#39;: &#39;None&#39;, &#39;grade&#39;: &#39;None&#39;, &#39;semester&#39;: &#39;None&#39;}','127.0.0.1',1,'Mozilla/5.0 (Windows NT 10.0; Win64; x64) AppleWebKit/537.36 (KHTML, like Gecko) Chrome/127.0.0.0 Safari/537.36 Edg/127.0.0.0','2024-08-04 14:21:09'),(218,'PUT',8,'/system/per/update','{&#39;email&#39;: &#39;Non&#39;, &#39;phone&#39;: &#39;11&#39;, &#39;studentname&#39;: &#39;None&#39;, &#39;xuehao&#39;: &#39;None&#39;, &#39;academy&#39;: &#39;None&#39;, &#39;grade&#39;: &#39;None&#39;, &#39;semester&#39;: &#39;None&#39;}','127.0.0.1',1,'Mozilla/5.0 (Windows NT 10.0; Win64; x64) AppleWebKit/537.36 (KHTML, like Gecko) Chrome/127.0.0.0 Safari/537.36 Edg/127.0.0.0','2024-08-04 14:21:09'),(219,'GET',8,'/system/per/edit/8','{}','127.0.0.1',1,'Mozilla/5.0 (Windows NT 10.0; Win64; x64) AppleWebKit/537.36 (KHTML, like Gecko) Chrome/127.0.0.0 Safari/537.36 Edg/127.0.0.0','2024-08-04 14:24:48'),(220,'PUT',8,'/system/per/update','{&#39;email&#39;: &#39;Non&#39;, &#39;phone&#39;: &#39;11&#39;, &#39;studentname&#39;: &#39;None&#39;, &#39;xuehao&#39;: &#39;None&#39;, &#39;academy&#39;: &#39;None&#39;, &#39;grade&#39;: &#39;None&#39;, &#39;semester&#39;: &#39;None&#39;}','127.0.0.1',1,'Mozilla/5.0 (Windows NT 10.0; Win64; x64) AppleWebKit/537.36 (KHTML, like Gecko) Chrome/127.0.0.0 Safari/537.36 Edg/127.0.0.0','2024-08-04 14:24:49'),(221,'PUT',8,'/system/per/update','{&#39;email&#39;: &#39;Non&#39;, &#39;phone&#39;: &#39;11&#39;, &#39;studentname&#39;: &#39;None&#39;, &#39;xuehao&#39;: &#39;None&#39;, &#39;academy&#39;: &#39;None&#39;, &#39;grade&#39;: &#39;None&#39;, &#39;semester&#39;: &#39;None&#39;}','127.0.0.1',1,'Mozilla/5.0 (Windows NT 10.0; Win64; x64) AppleWebKit/537.36 (KHTML, like Gecko) Chrome/127.0.0.0 Safari/537.36 Edg/127.0.0.0','2024-08-04 14:24:49'),(222,'GET',8,'/system/per/edit/8','{}','127.0.0.1',1,'Mozilla/5.0 (Windows NT 10.0; Win64; x64) AppleWebKit/537.36 (KHTML, like Gecko) Chrome/127.0.0.0 Safari/537.36 Edg/127.0.0.0','2024-08-04 14:24:52'),(223,'PUT',8,'/system/per/update','{&#39;email&#39;: &#39;No&#39;, &#39;phone&#39;: &#39;11&#39;, &#39;studentname&#39;: &#39;None&#39;, &#39;xuehao&#39;: &#39;None&#39;, &#39;academy&#39;: &#39;None&#39;, &#39;grade&#39;: &#39;None&#39;, &#39;semester&#39;: &#39;None&#39;}','127.0.0.1',1,'Mozilla/5.0 (Windows NT 10.0; Win64; x64) AppleWebKit/537.36 (KHTML, like Gecko) Chrome/127.0.0.0 Safari/537.36 Edg/127.0.0.0','2024-08-04 14:24:55'),(224,'PUT',8,'/system/per/update','{&#39;email&#39;: &#39;No&#39;, &#39;phone&#39;: &#39;11&#39;, &#39;studentname&#39;: &#39;None&#39;, &#39;xuehao&#39;: &#39;None&#39;, &#39;academy&#39;: &#39;None&#39;, &#39;grade&#39;: &#39;None&#39;, &#39;semester&#39;: &#39;None&#39;}','127.0.0.1',1,'Mozilla/5.0 (Windows NT 10.0; Win64; x64) AppleWebKit/537.36 (KHTML, like Gecko) Chrome/127.0.0.0 Safari/537.36 Edg/127.0.0.0','2024-08-04 14:24:55'),(225,'GET',8,'/system/per/edit/8','{}','127.0.0.1',1,'Mozilla/5.0 (Windows NT 10.0; Win64; x64) AppleWebKit/537.36 (KHTML, like Gecko) Chrome/127.0.0.0 Safari/537.36 Edg/127.0.0.0','2024-08-04 14:25:22'),(226,'PUT',8,'/system/per/update','{&#39;email&#39;: &#39;N&#39;, &#39;phone&#39;: &#39;11&#39;, &#39;studentname&#39;: &#39;None&#39;, &#39;xuehao&#39;: &#39;None&#39;, &#39;academy&#39;: &#39;None&#39;, &#39;grade&#39;: &#39;None&#39;, &#39;semester&#39;: &#39;None&#39;}','127.0.0.1',1,'Mozilla/5.0 (Windows NT 10.0; Win64; x64) AppleWebKit/537.36 (KHTML, like Gecko) Chrome/127.0.0.0 Safari/537.36 Edg/127.0.0.0','2024-08-04 14:25:25'),(227,'PUT',8,'/system/per/update','{&#39;email&#39;: &#39;N&#39;, &#39;phone&#39;: &#39;11&#39;, &#39;studentname&#39;: &#39;None&#39;, &#39;xuehao&#39;: &#39;None&#39;, &#39;academy&#39;: &#39;None&#39;, &#39;grade&#39;: &#39;None&#39;, &#39;semester&#39;: &#39;None&#39;}','127.0.0.1',1,'Mozilla/5.0 (Windows NT 10.0; Win64; x64) AppleWebKit/537.36 (KHTML, like Gecko) Chrome/127.0.0.0 Safari/537.36 Edg/127.0.0.0','2024-08-04 14:25:25'),(228,'GET',8,'/system/per/edit/8','{}','127.0.0.1',1,'Mozilla/5.0 (Windows NT 10.0; Win64; x64) AppleWebKit/537.36 (KHTML, like Gecko) Chrome/127.0.0.0 Safari/537.36 Edg/127.0.0.0','2024-08-04 14:26:42'),(229,'GET',8,'/system/per/edit/8','{}','127.0.0.1',1,'Mozilla/5.0 (Windows NT 10.0; Win64; x64) AppleWebKit/537.36 (KHTML, like Gecko) Chrome/127.0.0.0 Safari/537.36 Edg/127.0.0.0','2024-08-04 14:33:47'),(230,'GET',8,'/system/per/edit/8','{}','127.0.0.1',1,'Mozilla/5.0 (Windows NT 10.0; Win64; x64) AppleWebKit/537.36 (KHTML, like Gecko) Chrome/127.0.0.0 Safari/537.36 Edg/127.0.0.0','2024-08-04 14:34:14'),(231,'GET',8,'/system/per/edit/8','{}','127.0.0.1',1,'Mozilla/5.0 (Windows NT 10.0; Win64; x64) AppleWebKit/537.36 (KHTML, like Gecko) Chrome/127.0.0.0 Safari/537.36 Edg/127.0.0.0','2024-08-04 14:38:59'),(232,'POST',1,'/system/passport/login','admin','127.0.0.1',1,'Mozilla/5.0 (Windows NT 10.0; Win64; x64) AppleWebKit/537.36 (KHTML, like Gecko) Chrome/127.0.0.0 Safari/537.36 Edg/127.0.0.0','2024-08-04 14:40:30'),(233,'POST',9,'/system/passport/login','222241811104','127.0.0.1',1,'Mozilla/5.0 (Windows NT 10.0; Win64; x64) AppleWebKit/537.36 (KHTML, like Gecko) Chrome/127.0.0.0 Safari/537.36 Edg/127.0.0.0','2024-08-04 14:42:24'),(234,'GET',9,'/system/per/edit/9','{}','127.0.0.1',0,'Mozilla/5.0 (Windows NT 10.0; Win64; x64) AppleWebKit/537.36 (KHTML, like Gecko) Chrome/127.0.0.0 Safari/537.36 Edg/127.0.0.0','2024-08-04 14:42:32'),(235,'POST',1,'/system/passport/login','admin','127.0.0.1',1,'Mozilla/5.0 (Windows NT 10.0; Win64; x64) AppleWebKit/537.36 (KHTML, like Gecko) Chrome/127.0.0.0 Safari/537.36 Edg/127.0.0.0','2024-08-04 14:42:51'),(236,'POST',9,'/system/passport/login','222241811104','127.0.0.1',1,'Mozilla/5.0 (Windows NT 10.0; Win64; x64) AppleWebKit/537.36 (KHTML, like Gecko) Chrome/127.0.0.0 Safari/537.36 Edg/127.0.0.0','2024-08-04 14:43:53'),(237,'GET',9,'/system/per/edit/9','{}','127.0.0.1',1,'Mozilla/5.0 (Windows NT 10.0; Win64; x64) AppleWebKit/537.36 (KHTML, like Gecko) Chrome/127.0.0.0 Safari/537.36 Edg/127.0.0.0','2024-08-04 14:44:00'),(238,'GET',9,'/system/per/edit/9','{}','127.0.0.1',1,'Mozilla/5.0 (Windows NT 10.0; Win64; x64) AppleWebKit/537.36 (KHTML, like Gecko) Chrome/127.0.0.0 Safari/537.36 Edg/127.0.0.0','2024-08-04 14:44:10'),(239,'GET',9,'/system/per/edit/9','{}','127.0.0.1',1,'Mozilla/5.0 (Windows NT 10.0; Win64; x64) AppleWebKit/537.36 (KHTML, like Gecko) Chrome/127.0.0.0 Safari/537.36 Edg/127.0.0.0','2024-08-04 14:45:13'),(240,'GET',9,'/system/per/edit/9','{}','127.0.0.1',1,'Mozilla/5.0 (Windows NT 10.0; Win64; x64) AppleWebKit/537.36 (KHTML, like Gecko) Chrome/127.0.0.0 Safari/537.36 Edg/127.0.0.0','2024-08-04 14:47:18'),(241,'GET',9,'/system/per/edit/9','{}','127.0.0.1',1,'Mozilla/5.0 (Windows NT 10.0; Win64; x64) AppleWebKit/537.36 (KHTML, like Gecko) Chrome/127.0.0.0 Safari/537.36 Edg/127.0.0.0','2024-08-04 14:47:30'),(242,'GET',9,'/system/per/edit/9','{}','127.0.0.1',1,'Mozilla/5.0 (Windows NT 10.0; Win64; x64) AppleWebKit/537.36 (KHTML, like Gecko) Chrome/127.0.0.0 Safari/537.36 Edg/127.0.0.0','2024-08-04 14:52:48'),(243,'POST',1,'/system/passport/login','admin','127.0.0.1',1,'Mozilla/5.0 (Windows NT 10.0; Win64; x64) AppleWebKit/537.36 (KHTML, like Gecko) Chrome/127.0.0.0 Safari/537.36 Edg/127.0.0.0','2024-08-04 14:53:06'),(244,'POST',9,'/system/passport/login','222241811104','127.0.0.1',1,'Mozilla/5.0 (Windows NT 10.0; Win64; x64) AppleWebKit/537.36 (KHTML, like Gecko) Chrome/127.0.0.0 Safari/537.36 Edg/127.0.0.0','2024-08-04 14:54:34'),(245,'GET',9,'/system/per/edit/9','{}','127.0.0.1',1,'Mozilla/5.0 (Windows NT 10.0; Win64; x64) AppleWebKit/537.36 (KHTML, like Gecko) Chrome/127.0.0.0 Safari/537.36 Edg/127.0.0.0','2024-08-04 14:54:38'),(246,'GET',9,'/system/per/edit/9','{}','127.0.0.1',1,'Mozilla/5.0 (Windows NT 10.0; Win64; x64) AppleWebKit/537.36 (KHTML, like Gecko) Chrome/127.0.0.0 Safari/537.36 Edg/127.0.0.0','2024-08-04 14:54:46'),(247,'PUT',9,'/system/per/update','{&#39;email&#39;: &#39;Non&#39;, &#39;phone&#39;: &#39;None&#39;, &#39;teachername&#39;: &#39;科吉尔老师&#39;, &#39;number&#39;: &#39;222241811104&#39;, &#39;academy&#39;: &#39;外国语学院&#39;}','127.0.0.1',1,'Mozilla/5.0 (Windows NT 10.0; Win64; x64) AppleWebKit/537.36 (KHTML, like Gecko) Chrome/127.0.0.0 Safari/537.36 Edg/127.0.0.0','2024-08-04 14:54:49'),(248,'PUT',9,'/system/per/update','{&#39;email&#39;: &#39;Non&#39;, &#39;phone&#39;: &#39;None&#39;, &#39;teachername&#39;: &#39;科吉尔老师&#39;, &#39;number&#39;: &#39;222241811104&#39;, &#39;academy&#39;: &#39;外国语学院&#39;}','127.0.0.1',1,'Mozilla/5.0 (Windows NT 10.0; Win64; x64) AppleWebKit/537.36 (KHTML, like Gecko) Chrome/127.0.0.0 Safari/537.36 Edg/127.0.0.0','2024-08-04 14:54:49'),(249,'POST',1,'/system/passport/login','admin','127.0.0.1',1,'Mozilla/5.0 (Windows NT 10.0; Win64; x64) AppleWebKit/537.36 (KHTML, like Gecko) Chrome/127.0.0.0 Safari/537.36 Edg/127.0.0.0','2024-08-04 15:00:14'),(250,'POST',8,'/system/passport/login','222241811199','127.0.0.1',1,'Mozilla/5.0 (Windows NT 10.0; Win64; x64) AppleWebKit/537.36 (KHTML, like Gecko) Chrome/127.0.0.0 Safari/537.36 Edg/127.0.0.0','2024-08-04 15:26:11'),(251,'GET',8,'/system/per/edit/8','{}','127.0.0.1',1,'Mozilla/5.0 (Windows NT 10.0; Win64; x64) AppleWebKit/537.36 (KHTML, like Gecko) Chrome/127.0.0.0 Safari/537.36 Edg/127.0.0.0','2024-08-04 15:26:23'),(252,'POST',1,'/system/passport/login','admin','127.0.0.1',1,'Mozilla/5.0 (Windows NT 10.0; Win64; x64) AppleWebKit/537.36 (KHTML, like Gecko) Chrome/127.0.0.0 Safari/537.36 Edg/127.0.0.0','2024-08-04 15:27:15'),(253,'POST',9,'/system/passport/login','222241811104','127.0.0.1',1,'Mozilla/5.0 (Windows NT 10.0; Win64; x64) AppleWebKit/537.36 (KHTML, like Gecko) Chrome/127.0.0.0 Safari/537.36 Edg/127.0.0.0','2024-08-04 15:28:34'),(254,'GET',9,'/system/per/edit/9','{}','127.0.0.1',1,'Mozilla/5.0 (Windows NT 10.0; Win64; x64) AppleWebKit/537.36 (KHTML, like Gecko) Chrome/127.0.0.0 Safari/537.36 Edg/127.0.0.0','2024-08-04 15:28:55'),(255,'POST',1,'/system/passport/login','admin','127.0.0.1',1,'Mozilla/5.0 (Windows NT 10.0; Win64; x64) AppleWebKit/537.36 (KHTML, like Gecko) Chrome/127.0.0.0 Safari/537.36 Edg/127.0.0.0','2024-08-04 15:29:55'),(256,'POST',1,'/system/passport/login','admin','127.0.0.1',1,'Mozilla/5.0 (Windows NT 10.0; Win64; x64) AppleWebKit/537.36 (KHTML, like Gecko) Chrome/127.0.0.0 Safari/537.36 Edg/127.0.0.0','2024-08-04 16:21:48'),(257,'POST',23,'/system/passport/login','manager','127.0.0.1',1,'Mozilla/5.0 (Windows NT 10.0; Win64; x64) AppleWebKit/537.36 (KHTML, like Gecko) Chrome/127.0.0.0 Safari/537.36 Edg/127.0.0.0','2024-08-04 16:22:52'),(258,'POST',1,'/system/passport/login','admin','127.0.0.1',1,'Mozilla/5.0 (Windows NT 10.0; Win64; x64) AppleWebKit/537.36 (KHTML, like Gecko) Chrome/127.0.0.0 Safari/537.36 Edg/127.0.0.0','2024-08-04 16:23:35'),(259,'POST',23,'/system/passport/login','manager','127.0.0.1',1,'Mozilla/5.0 (Windows NT 10.0; Win64; x64) AppleWebKit/537.36 (KHTML, like Gecko) Chrome/127.0.0.0 Safari/537.36 Edg/127.0.0.0','2024-08-04 16:24:29'),(260,'PUT',23,'/system/power/disable','{&#39;powerId&#39;: &#39;1&#39;}','127.0.0.1',1,'Mozilla/5.0 (Windows NT 10.0; Win64; x64) AppleWebKit/537.36 (KHTML, like Gecko) Chrome/127.0.0.0 Safari/537.36 Edg/127.0.0.0','2024-08-04 16:24:40'),(261,'PUT',23,'/system/power/enable','{&#39;powerId&#39;: &#39;1&#39;}','127.0.0.1',1,'Mozilla/5.0 (Windows NT 10.0; Win64; x64) AppleWebKit/537.36 (KHTML, like Gecko) Chrome/127.0.0.0 Safari/537.36 Edg/127.0.0.0','2024-08-04 16:24:41'),(262,'PUT',23,'/system/power/disable','{&#39;powerId&#39;: &#39;85&#39;}','127.0.0.1',1,'Mozilla/5.0 (Windows NT 10.0; Win64; x64) AppleWebKit/537.36 (KHTML, like Gecko) Chrome/127.0.0.0 Safari/537.36 Edg/127.0.0.0','2024-08-04 16:24:46'),(263,'PUT',23,'/system/power/disable','{&#39;powerId&#39;: &#39;86&#39;}','127.0.0.1',1,'Mozilla/5.0 (Windows NT 10.0; Win64; x64) AppleWebKit/537.36 (KHTML, like Gecko) Chrome/127.0.0.0 Safari/537.36 Edg/127.0.0.0','2024-08-04 16:24:50'),(264,'GET',23,'/system/user/add','{}','127.0.0.1',1,'Mozilla/5.0 (Windows NT 10.0; Win64; x64) AppleWebKit/537.36 (KHTML, like Gecko) Chrome/127.0.0.0 Safari/537.36 Edg/127.0.0.0','2024-08-04 16:25:04'),(265,'POST',1,'/system/passport/login','admin','127.0.0.1',1,'Mozilla/5.0 (Windows NT 10.0; Win64; x64) AppleWebKit/537.36 (KHTML, like Gecko) Chrome/127.0.0.0 Safari/537.36 Edg/127.0.0.0','2024-08-04 16:26:01'),(266,'POST',23,'/system/passport/login','manager','127.0.0.1',1,'Mozilla/5.0 (Windows NT 10.0; Win64; x64) AppleWebKit/537.36 (KHTML, like Gecko) Chrome/127.0.0.0 Safari/537.36 Edg/127.0.0.0','2024-08-04 16:29:39'),(267,'GET',23,'/system/role/power/1','{}','127.0.0.1',1,'Mozilla/5.0 (Windows NT 10.0; Win64; x64) AppleWebKit/537.36 (KHTML, like Gecko) Chrome/127.0.0.0 Safari/537.36 Edg/127.0.0.0','2024-08-04 16:30:13'),(268,'GET',23,'/system/role/getRolePower/1','{}','127.0.0.1',1,'Mozilla/5.0 (Windows NT 10.0; Win64; x64) AppleWebKit/537.36 (KHTML, like Gecko) Chrome/127.0.0.0 Safari/537.36 Edg/127.0.0.0','2024-08-04 16:30:13'),(269,'GET',23,'/system/role/power/2','{}','127.0.0.1',1,'Mozilla/5.0 (Windows NT 10.0; Win64; x64) AppleWebKit/537.36 (KHTML, like Gecko) Chrome/127.0.0.0 Safari/537.36 Edg/127.0.0.0','2024-08-04 16:30:16'),(270,'GET',23,'/system/role/getRolePower/2','{}','127.0.0.1',1,'Mozilla/5.0 (Windows NT 10.0; Win64; x64) AppleWebKit/537.36 (KHTML, like Gecko) Chrome/127.0.0.0 Safari/537.36 Edg/127.0.0.0','2024-08-04 16:30:16'),(271,'PUT',23,'/system/role/saveRolePower','{&#39;powerIds&#39;: &#39;1,17,18,57,58,59,85,86&#39;, &#39;roleId&#39;: &#39;2&#39;}','127.0.0.1',1,'Mozilla/5.0 (Windows NT 10.0; Win64; x64) AppleWebKit/537.36 (KHTML, like Gecko) Chrome/127.0.0.0 Safari/537.36 Edg/127.0.0.0','2024-08-04 16:30:34'),(272,'GET',23,'/system/role/power/5','{}','127.0.0.1',1,'Mozilla/5.0 (Windows NT 10.0; Win64; x64) AppleWebKit/537.36 (KHTML, like Gecko) Chrome/127.0.0.0 Safari/537.36 Edg/127.0.0.0','2024-08-04 16:30:39'),(273,'GET',23,'/system/role/getRolePower/5','{}','127.0.0.1',1,'Mozilla/5.0 (Windows NT 10.0; Win64; x64) AppleWebKit/537.36 (KHTML, like Gecko) Chrome/127.0.0.0 Safari/537.36 Edg/127.0.0.0','2024-08-04 16:30:39'),(274,'PUT',23,'/system/role/saveRolePower','{&#39;powerIds&#39;: &#39;17,18,57,58,59,85,86&#39;, &#39;roleId&#39;: &#39;5&#39;}','127.0.0.1',1,'Mozilla/5.0 (Windows NT 10.0; Win64; x64) AppleWebKit/537.36 (KHTML, like Gecko) Chrome/127.0.0.0 Safari/537.36 Edg/127.0.0.0','2024-08-04 16:30:54'),(275,'GET',23,'/system/role/power/5','{}','127.0.0.1',1,'Mozilla/5.0 (Windows NT 10.0; Win64; x64) AppleWebKit/537.36 (KHTML, like Gecko) Chrome/127.0.0.0 Safari/537.36 Edg/127.0.0.0','2024-08-04 16:30:57'),(276,'GET',23,'/system/role/getRolePower/5','{}','127.0.0.1',1,'Mozilla/5.0 (Windows NT 10.0; Win64; x64) AppleWebKit/537.36 (KHTML, like Gecko) Chrome/127.0.0.0 Safari/537.36 Edg/127.0.0.0','2024-08-04 16:30:57'),(277,'GET',23,'/system/role/power/2','{}','127.0.0.1',1,'Mozilla/5.0 (Windows NT 10.0; Win64; x64) AppleWebKit/537.36 (KHTML, like Gecko) Chrome/127.0.0.0 Safari/537.36 Edg/127.0.0.0','2024-08-04 16:31:00'),(278,'GET',23,'/system/role/getRolePower/2','{}','127.0.0.1',1,'Mozilla/5.0 (Windows NT 10.0; Win64; x64) AppleWebKit/537.36 (KHTML, like Gecko) Chrome/127.0.0.0 Safari/537.36 Edg/127.0.0.0','2024-08-04 16:31:01'),(279,'PUT',23,'/system/role/saveRolePower','{&#39;powerIds&#39;: &#39;17,18,57,58,59,85,86&#39;, &#39;roleId&#39;: &#39;2&#39;}','127.0.0.1',1,'Mozilla/5.0 (Windows NT 10.0; Win64; x64) AppleWebKit/537.36 (KHTML, like Gecko) Chrome/127.0.0.0 Safari/537.36 Edg/127.0.0.0','2024-08-04 16:31:02'),(280,'GET',23,'/system/power/edit/17','{}','127.0.0.1',1,'Mozilla/5.0 (Windows NT 10.0; Win64; x64) AppleWebKit/537.36 (KHTML, like Gecko) Chrome/127.0.0.0 Safari/537.36 Edg/127.0.0.0','2024-08-04 16:31:18'),(281,'GET',23,'/system/power/selectParent','{}','127.0.0.1',1,'Mozilla/5.0 (Windows NT 10.0; Win64; x64) AppleWebKit/537.36 (KHTML, like Gecko) Chrome/127.0.0.0 Safari/537.36 Edg/127.0.0.0','2024-08-04 16:31:18'),(282,'PUT',23,'/system/power/update','{&#39;powerId&#39;: &#39;17&#39;, &#39;parentId&#39;: &#39;0&#39;, &#39;powerName&#39;: &#39;文件管理&#39;, &#39;selectParent_select_input&#39;: &#39;顶级权限&#39;, &#39;powerCode&#39;: &#39;&#39;, &#39;powerType&#39;: &#39;0&#39;, &#39;powerUrl&#39;: &#39;&#39;, &#39;openType&#39;: &#39;&#39;, &#39;icon&#39;: &#39;layui-icon layui-icon layui-icon layui-icon layui-icon-camera&#39;, &#39;sort&#39;: &#39;4&#39;}','127.0.0.1',1,'Mozilla/5.0 (Windows NT 10.0; Win64; x64) AppleWebKit/537.36 (KHTML, like Gecko) Chrome/127.0.0.0 Safari/537.36 Edg/127.0.0.0','2024-08-04 16:31:21'),(283,'GET',23,'/system/power/edit/85','{}','127.0.0.1',1,'Mozilla/5.0 (Windows NT 10.0; Win64; x64) AppleWebKit/537.36 (KHTML, like Gecko) Chrome/127.0.0.0 Safari/537.36 Edg/127.0.0.0','2024-08-04 16:31:24'),(284,'GET',23,'/system/power/selectParent','{}','127.0.0.1',1,'Mozilla/5.0 (Windows NT 10.0; Win64; x64) AppleWebKit/537.36 (KHTML, like Gecko) Chrome/127.0.0.0 Safari/537.36 Edg/127.0.0.0','2024-08-04 16:31:24'),(285,'PUT',23,'/system/power/update','{&#39;powerId&#39;: &#39;85&#39;, &#39;parentId&#39;: &#39;0&#39;, &#39;powerName&#39;: &#39;个人信息&#39;, &#39;selectParent_select_input&#39;: &#39;顶级权限&#39;, &#39;powerCode&#39;: &#39;system:per:info&#39;, &#39;powerType&#39;: &#39;1&#39;, &#39;powerUrl&#39;: &#39;/system/per/&#39;, &#39;openType&#39;: &#39;_iframe&#39;, &#39;icon&#39;: &#39;layui-icon layui-icon layui-icon-username&#39;, &#39;sort&#39;: &#39;2&#39;}','127.0.0.1',1,'Mozilla/5.0 (Windows NT 10.0; Win64; x64) AppleWebKit/537.36 (KHTML, like Gecko) Chrome/127.0.0.0 Safari/537.36 Edg/127.0.0.0','2024-08-04 16:31:29'),(286,'POST',8,'/system/passport/login','222241811199','127.0.0.1',1,'Mozilla/5.0 (Windows NT 10.0; Win64; x64) AppleWebKit/537.36 (KHTML, like Gecko) Chrome/127.0.0.0 Safari/537.36 Edg/127.0.0.0','2024-08-04 16:32:00'),(287,'GET',8,'/system/per/edit/8','{}','127.0.0.1',1,'Mozilla/5.0 (Windows NT 10.0; Win64; x64) AppleWebKit/537.36 (KHTML, like Gecko) Chrome/127.0.0.0 Safari/537.36 Edg/127.0.0.0','2024-08-04 16:32:06'),(288,'POST',23,'/system/passport/login','manager','127.0.0.1',1,'Mozilla/5.0 (Windows NT 10.0; Win64; x64) AppleWebKit/537.36 (KHTML, like Gecko) Chrome/127.0.0.0 Safari/537.36 Edg/127.0.0.0','2024-08-04 16:34:29'),(289,'GET',23,'/system/role/power/2','{}','127.0.0.1',1,'Mozilla/5.0 (Windows NT 10.0; Win64; x64) AppleWebKit/537.36 (KHTML, like Gecko) Chrome/127.0.0.0 Safari/537.36 Edg/127.0.0.0','2024-08-04 16:34:40'),(290,'GET',23,'/system/role/getRolePower/2','{}','127.0.0.1',1,'Mozilla/5.0 (Windows NT 10.0; Win64; x64) AppleWebKit/537.36 (KHTML, like Gecko) Chrome/127.0.0.0 Safari/537.36 Edg/127.0.0.0','2024-08-04 16:34:40'),(291,'POST',8,'/system/passport/login','222241811199','127.0.0.1',1,'Mozilla/5.0 (Windows NT 10.0; Win64; x64) AppleWebKit/537.36 (KHTML, like Gecko) Chrome/127.0.0.0 Safari/537.36 Edg/127.0.0.0','2024-08-04 16:35:34'),(292,'GET',8,'/system/per/edit/8','{}','127.0.0.1',1,'Mozilla/5.0 (Windows NT 10.0; Win64; x64) AppleWebKit/537.36 (KHTML, like Gecko) Chrome/127.0.0.0 Safari/537.36 Edg/127.0.0.0','2024-08-04 16:35:40'),(293,'GET',8,'/system/per/edit/8','{}','127.0.0.1',1,'Mozilla/5.0 (Windows NT 10.0; Win64; x64) AppleWebKit/537.36 (KHTML, like Gecko) Chrome/127.0.0.0 Safari/537.36 Edg/127.0.0.0','2024-08-04 16:36:01'),(294,'GET',8,'/system/per/edit/8','{}','127.0.0.1',1,'Mozilla/5.0 (Windows NT 10.0; Win64; x64) AppleWebKit/537.36 (KHTML, like Gecko) Chrome/127.0.0.0 Safari/537.36 Edg/127.0.0.0','2024-08-04 16:36:48'),(295,'GET',8,'/system/per/edit/8','{}','127.0.0.1',1,'Mozilla/5.0 (Windows NT 10.0; Win64; x64) AppleWebKit/537.36 (KHTML, like Gecko) Chrome/127.0.0.0 Safari/537.36 Edg/127.0.0.0','2024-08-04 16:40:34'),(296,'PUT',8,'/system/per/update','{&#39;email&#39;: &#39;N&#39;, &#39;phone&#39;: &#39;11&#39;, &#39;studentname&#39;: &#39;哇哈哈&#39;, &#39;xuehao&#39;: &#39;None&#39;, &#39;academy&#39;: &#39;None&#39;, &#39;grade&#39;: &#39;None&#39;, &#39;semester&#39;: &#39;None&#39;}','127.0.0.1',1,'Mozilla/5.0 (Windows NT 10.0; Win64; x64) AppleWebKit/537.36 (KHTML, like Gecko) Chrome/127.0.0.0 Safari/537.36 Edg/127.0.0.0','2024-08-04 16:40:42'),(297,'PUT',8,'/system/per/update','{&#39;email&#39;: &#39;N&#39;, &#39;phone&#39;: &#39;11&#39;, &#39;studentname&#39;: &#39;哇哈哈&#39;, &#39;xuehao&#39;: &#39;None&#39;, &#39;academy&#39;: &#39;None&#39;, &#39;grade&#39;: &#39;None&#39;, &#39;semester&#39;: &#39;None&#39;}','127.0.0.1',1,'Mozilla/5.0 (Windows NT 10.0; Win64; x64) AppleWebKit/537.36 (KHTML, like Gecko) Chrome/127.0.0.0 Safari/537.36 Edg/127.0.0.0','2024-08-04 16:40:42'),(298,'GET',8,'/system/per/edit/8','{}','127.0.0.1',1,'Mozilla/5.0 (Windows NT 10.0; Win64; x64) AppleWebKit/537.36 (KHTML, like Gecko) Chrome/127.0.0.0 Safari/537.36 Edg/127.0.0.0','2024-08-04 16:45:50'),(299,'POST',23,'/system/passport/login','manager','127.0.0.1',1,'Mozilla/5.0 (Windows NT 10.0; Win64; x64) AppleWebKit/537.36 (KHTML, like Gecko) Chrome/127.0.0.0 Safari/537.36 Edg/127.0.0.0','2024-08-04 16:46:22'),(300,'DELETE',23,'/system/power/remove/85','{}','127.0.0.1',1,'Mozilla/5.0 (Windows NT 10.0; Win64; x64) AppleWebKit/537.36 (KHTML, like Gecko) Chrome/127.0.0.0 Safari/537.36 Edg/127.0.0.0','2024-08-04 16:46:55'),(301,'GET',23,'/system/role/power/1','{}','127.0.0.1',1,'Mozilla/5.0 (Windows NT 10.0; Win64; x64) AppleWebKit/537.36 (KHTML, like Gecko) Chrome/127.0.0.0 Safari/537.36 Edg/127.0.0.0','2024-08-04 16:47:09'),(302,'GET',23,'/system/role/getRolePower/1','{}','127.0.0.1',1,'Mozilla/5.0 (Windows NT 10.0; Win64; x64) AppleWebKit/537.36 (KHTML, like Gecko) Chrome/127.0.0.0 Safari/537.36 Edg/127.0.0.0','2024-08-04 16:47:10'),(303,'GET',23,'/system/power/edit/59','{}','127.0.0.1',1,'Mozilla/5.0 (Windows NT 10.0; Win64; x64) AppleWebKit/537.36 (KHTML, like Gecko) Chrome/127.0.0.0 Safari/537.36 Edg/127.0.0.0','2024-08-04 16:47:19'),(304,'GET',23,'/system/power/selectParent','{}','127.0.0.1',1,'Mozilla/5.0 (Windows NT 10.0; Win64; x64) AppleWebKit/537.36 (KHTML, like Gecko) Chrome/127.0.0.0 Safari/537.36 Edg/127.0.0.0','2024-08-04 16:47:19'),(305,'GET',23,'/system/power/edit/57','{}','127.0.0.1',1,'Mozilla/5.0 (Windows NT 10.0; Win64; x64) AppleWebKit/537.36 (KHTML, like Gecko) Chrome/127.0.0.0 Safari/537.36 Edg/127.0.0.0','2024-08-04 16:47:30'),(306,'GET',23,'/system/power/selectParent','{}','127.0.0.1',1,'Mozilla/5.0 (Windows NT 10.0; Win64; x64) AppleWebKit/537.36 (KHTML, like Gecko) Chrome/127.0.0.0 Safari/537.36 Edg/127.0.0.0','2024-08-04 16:47:30'),(307,'GET',23,'/system/power/edit/57','{}','127.0.0.1',1,'Mozilla/5.0 (Windows NT 10.0; Win64; x64) AppleWebKit/537.36 (KHTML, like Gecko) Chrome/127.0.0.0 Safari/537.36 Edg/127.0.0.0','2024-08-04 16:47:43'),(308,'GET',23,'/system/power/selectParent','{}','127.0.0.1',1,'Mozilla/5.0 (Windows NT 10.0; Win64; x64) AppleWebKit/537.36 (KHTML, like Gecko) Chrome/127.0.0.0 Safari/537.36 Edg/127.0.0.0','2024-08-04 16:47:43'),(309,'GET',23,'/system/power/add','{}','127.0.0.1',1,'Mozilla/5.0 (Windows NT 10.0; Win64; x64) AppleWebKit/537.36 (KHTML, like Gecko) Chrome/127.0.0.0 Safari/537.36 Edg/127.0.0.0','2024-08-04 16:48:05'),(310,'GET',23,'/system/power/selectParent','{}','127.0.0.1',1,'Mozilla/5.0 (Windows NT 10.0; Win64; x64) AppleWebKit/537.36 (KHTML, like Gecko) Chrome/127.0.0.0 Safari/537.36 Edg/127.0.0.0','2024-08-04 16:48:05'),(311,'POST',23,'/system/power/save','{&#39;parentId&#39;: &#39;0&#39;, &#39;powerName&#39;: &#39;个人信息&#39;, &#39;selectParent_select_input&#39;: &#39;顶级权限&#39;, &#39;powerCode&#39;: &#39;system:per:info&#39;, &#39;powerType&#39;: &#39;1&#39;, &#39;powerUrl&#39;: &#39;/system/per/&#39;, &#39;openType&#39;: &#39;_iframe&#39;, &#39;icon&#39;: &#39;layui-icon layui-icon-username&#39;, &#39;sort&#39;: &#39;2&#39;}','127.0.0.1',1,'Mozilla/5.0 (Windows NT 10.0; Win64; x64) AppleWebKit/537.36 (KHTML, like Gecko) Chrome/127.0.0.0 Safari/537.36 Edg/127.0.0.0','2024-08-04 16:49:18'),(312,'GET',23,'/system/role/power/1','{}','127.0.0.1',1,'Mozilla/5.0 (Windows NT 10.0; Win64; x64) AppleWebKit/537.36 (KHTML, like Gecko) Chrome/127.0.0.0 Safari/537.36 Edg/127.0.0.0','2024-08-04 16:49:29'),(313,'GET',23,'/system/role/getRolePower/1','{}','127.0.0.1',1,'Mozilla/5.0 (Windows NT 10.0; Win64; x64) AppleWebKit/537.36 (KHTML, like Gecko) Chrome/127.0.0.0 Safari/537.36 Edg/127.0.0.0','2024-08-04 16:49:29'),(314,'PUT',23,'/system/role/saveRolePower','{&#39;powerIds&#39;: &#39;1,3,22,23,24,4,21,25,26,9,27,28,29,30,60,61,62,81,70,78,79,80,17,18,57,58,59,87&#39;, &#39;roleId&#39;: &#39;1&#39;}','127.0.0.1',1,'Mozilla/5.0 (Windows NT 10.0; Win64; x64) AppleWebKit/537.36 (KHTML, like Gecko) Chrome/127.0.0.0 Safari/537.36 Edg/127.0.0.0','2024-08-04 16:49:31'),(315,'GET',23,'/system/power/edit/87','{}','127.0.0.1',1,'Mozilla/5.0 (Windows NT 10.0; Win64; x64) AppleWebKit/537.36 (KHTML, like Gecko) Chrome/127.0.0.0 Safari/537.36 Edg/127.0.0.0','2024-08-04 16:49:43'),(316,'GET',23,'/system/power/selectParent','{}','127.0.0.1',1,'Mozilla/5.0 (Windows NT 10.0; Win64; x64) AppleWebKit/537.36 (KHTML, like Gecko) Chrome/127.0.0.0 Safari/537.36 Edg/127.0.0.0','2024-08-04 16:49:44'),(317,'GET',23,'/system/role/power/1','{}','127.0.0.1',1,'Mozilla/5.0 (Windows NT 10.0; Win64; x64) AppleWebKit/537.36 (KHTML, like Gecko) Chrome/127.0.0.0 Safari/537.36 Edg/127.0.0.0','2024-08-04 16:49:49'),(318,'GET',23,'/system/role/getRolePower/1','{}','127.0.0.1',1,'Mozilla/5.0 (Windows NT 10.0; Win64; x64) AppleWebKit/537.36 (KHTML, like Gecko) Chrome/127.0.0.0 Safari/537.36 Edg/127.0.0.0','2024-08-04 16:49:49'),(319,'POST',8,'/system/passport/login','222241811199','127.0.0.1',1,'Mozilla/5.0 (Windows NT 10.0; Win64; x64) AppleWebKit/537.36 (KHTML, like Gecko) Chrome/127.0.0.0 Safari/537.36 Edg/127.0.0.0','2024-08-04 16:50:08'),(320,'POST',23,'/system/passport/login','manager','127.0.0.1',1,'Mozilla/5.0 (Windows NT 10.0; Win64; x64) AppleWebKit/537.36 (KHTML, like Gecko) Chrome/127.0.0.0 Safari/537.36 Edg/127.0.0.0','2024-08-04 16:50:33'),(321,'GET',23,'/system/role/power/2','{}','127.0.0.1',1,'Mozilla/5.0 (Windows NT 10.0; Win64; x64) AppleWebKit/537.36 (KHTML, like Gecko) Chrome/127.0.0.0 Safari/537.36 Edg/127.0.0.0','2024-08-04 16:50:38'),(322,'GET',23,'/system/role/getRolePower/2','{}','127.0.0.1',1,'Mozilla/5.0 (Windows NT 10.0; Win64; x64) AppleWebKit/537.36 (KHTML, like Gecko) Chrome/127.0.0.0 Safari/537.36 Edg/127.0.0.0','2024-08-04 16:50:38'),(323,'PUT',23,'/system/role/saveRolePower','{&#39;powerIds&#39;: &#39;17,18,57,58,59,87&#39;, &#39;roleId&#39;: &#39;2&#39;}','127.0.0.1',1,'Mozilla/5.0 (Windows NT 10.0; Win64; x64) AppleWebKit/537.36 (KHTML, like Gecko) Chrome/127.0.0.0 Safari/537.36 Edg/127.0.0.0','2024-08-04 16:50:40'),(324,'GET',23,'/system/role/power/5','{}','127.0.0.1',1,'Mozilla/5.0 (Windows NT 10.0; Win64; x64) AppleWebKit/537.36 (KHTML, like Gecko) Chrome/127.0.0.0 Safari/537.36 Edg/127.0.0.0','2024-08-04 16:50:41'),(325,'GET',23,'/system/role/getRolePower/5','{}','127.0.0.1',1,'Mozilla/5.0 (Windows NT 10.0; Win64; x64) AppleWebKit/537.36 (KHTML, like Gecko) Chrome/127.0.0.0 Safari/537.36 Edg/127.0.0.0','2024-08-04 16:50:42'),(326,'PUT',23,'/system/role/saveRolePower','{&#39;powerIds&#39;: &#39;17,18,57,58,59,87&#39;, &#39;roleId&#39;: &#39;5&#39;}','127.0.0.1',1,'Mozilla/5.0 (Windows NT 10.0; Win64; x64) AppleWebKit/537.36 (KHTML, like Gecko) Chrome/127.0.0.0 Safari/537.36 Edg/127.0.0.0','2024-08-04 16:50:43'),(327,'POST',8,'/system/passport/login','222241811199','127.0.0.1',1,'Mozilla/5.0 (Windows NT 10.0; Win64; x64) AppleWebKit/537.36 (KHTML, like Gecko) Chrome/127.0.0.0 Safari/537.36 Edg/127.0.0.0','2024-08-04 16:51:07'),(328,'GET',8,'/system/per/edit/8','{}','127.0.0.1',0,'Mozilla/5.0 (Windows NT 10.0; Win64; x64) AppleWebKit/537.36 (KHTML, like Gecko) Chrome/127.0.0.0 Safari/537.36 Edg/127.0.0.0','2024-08-04 16:51:12'),(329,'POST',23,'/system/passport/login','manager','127.0.0.1',1,'Mozilla/5.0 (Windows NT 10.0; Win64; x64) AppleWebKit/537.36 (KHTML, like Gecko) Chrome/127.0.0.0 Safari/537.36 Edg/127.0.0.0','2024-08-04 16:57:42'),(330,'GET',23,'/system/power/edit/58','{}','127.0.0.1',1,'Mozilla/5.0 (Windows NT 10.0; Win64; x64) AppleWebKit/537.36 (KHTML, like Gecko) Chrome/127.0.0.0 Safari/537.36 Edg/127.0.0.0','2024-08-04 16:58:12'),(331,'GET',23,'/system/power/selectParent','{}','127.0.0.1',1,'Mozilla/5.0 (Windows NT 10.0; Win64; x64) AppleWebKit/537.36 (KHTML, like Gecko) Chrome/127.0.0.0 Safari/537.36 Edg/127.0.0.0','2024-08-04 16:58:12'),(332,'GET',23,'/system/power/edit/28','{}','127.0.0.1',1,'Mozilla/5.0 (Windows NT 10.0; Win64; x64) AppleWebKit/537.36 (KHTML, like Gecko) Chrome/127.0.0.0 Safari/537.36 Edg/127.0.0.0','2024-08-04 16:58:20'),(333,'GET',23,'/system/power/selectParent','{}','127.0.0.1',1,'Mozilla/5.0 (Windows NT 10.0; Win64; x64) AppleWebKit/537.36 (KHTML, like Gecko) Chrome/127.0.0.0 Safari/537.36 Edg/127.0.0.0','2024-08-04 16:58:20'),(334,'GET',23,'/system/power/add','{}','127.0.0.1',1,'Mozilla/5.0 (Windows NT 10.0; Win64; x64) AppleWebKit/537.36 (KHTML, like Gecko) Chrome/127.0.0.0 Safari/537.36 Edg/127.0.0.0','2024-08-04 16:58:24'),(335,'GET',23,'/system/power/selectParent','{}','127.0.0.1',1,'Mozilla/5.0 (Windows NT 10.0; Win64; x64) AppleWebKit/537.36 (KHTML, like Gecko) Chrome/127.0.0.0 Safari/537.36 Edg/127.0.0.0','2024-08-04 16:58:24'),(336,'POST',23,'/system/power/save','{&#39;parentId&#39;: &#39;87&#39;, &#39;powerName&#39;: &#39;个人信息编辑&#39;, &#39;selectParent_select_input&#39;: &#39;个人信息&#39;, &#39;powerCode&#39;: &#39;system:per:edit&#39;, &#39;powerType&#39;: &#39;2&#39;, &#39;powerUrl&#39;: &#39;&#39;, &#39;openType&#39;: &#39;&#39;, &#39;icon&#39;: &#39;layui-icon &#39;, &#39;sort&#39;: &#39;1&#39;}','127.0.0.1',1,'Mozilla/5.0 (Windows NT 10.0; Win64; x64) AppleWebKit/537.36 (KHTML, like Gecko) Chrome/127.0.0.0 Safari/537.36 Edg/127.0.0.0','2024-08-04 16:58:48'),(337,'GET',23,'/system/per/edit/23','{}','127.0.0.1',0,'Mozilla/5.0 (Windows NT 10.0; Win64; x64) AppleWebKit/537.36 (KHTML, like Gecko) Chrome/127.0.0.0 Safari/537.36 Edg/127.0.0.0','2024-08-04 16:58:55'),(338,'POST',23,'/system/passport/login','manager','127.0.0.1',1,'Mozilla/5.0 (Windows NT 10.0; Win64; x64) AppleWebKit/537.36 (KHTML, like Gecko) Chrome/127.0.0.0 Safari/537.36 Edg/127.0.0.0','2024-08-04 16:59:19'),(339,'GET',23,'/system/role/power/2','{}','127.0.0.1',1,'Mozilla/5.0 (Windows NT 10.0; Win64; x64) AppleWebKit/537.36 (KHTML, like Gecko) Chrome/127.0.0.0 Safari/537.36 Edg/127.0.0.0','2024-08-04 16:59:24'),(340,'GET',23,'/system/role/getRolePower/2','{}','127.0.0.1',1,'Mozilla/5.0 (Windows NT 10.0; Win64; x64) AppleWebKit/537.36 (KHTML, like Gecko) Chrome/127.0.0.0 Safari/537.36 Edg/127.0.0.0','2024-08-04 16:59:24'),(341,'PUT',23,'/system/role/saveRolePower','{&#39;roleId&#39;: &#39;2&#39;, &#39;powerIds&#39;: &#39;17,18,57,58,59,87,88&#39;}','127.0.0.1',1,'Mozilla/5.0 (Windows NT 10.0; Win64; x64) AppleWebKit/537.36 (KHTML, like Gecko) Chrome/127.0.0.0 Safari/537.36 Edg/127.0.0.0','2024-08-04 16:59:26'),(342,'GET',23,'/system/role/power/5','{}','127.0.0.1',1,'Mozilla/5.0 (Windows NT 10.0; Win64; x64) AppleWebKit/537.36 (KHTML, like Gecko) Chrome/127.0.0.0 Safari/537.36 Edg/127.0.0.0','2024-08-04 16:59:28'),(343,'GET',23,'/system/role/getRolePower/5','{}','127.0.0.1',1,'Mozilla/5.0 (Windows NT 10.0; Win64; x64) AppleWebKit/537.36 (KHTML, like Gecko) Chrome/127.0.0.0 Safari/537.36 Edg/127.0.0.0','2024-08-04 16:59:28'),(344,'PUT',23,'/system/role/saveRolePower','{&#39;roleId&#39;: &#39;5&#39;, &#39;powerIds&#39;: &#39;17,18,57,58,59,87,88&#39;}','127.0.0.1',1,'Mozilla/5.0 (Windows NT 10.0; Win64; x64) AppleWebKit/537.36 (KHTML, like Gecko) Chrome/127.0.0.0 Safari/537.36 Edg/127.0.0.0','2024-08-04 16:59:30'),(345,'POST',8,'/system/passport/login','222241811199','127.0.0.1',1,'Mozilla/5.0 (Windows NT 10.0; Win64; x64) AppleWebKit/537.36 (KHTML, like Gecko) Chrome/127.0.0.0 Safari/537.36 Edg/127.0.0.0','2024-08-04 16:59:45'),(346,'GET',8,'/system/per/edit/8','{}','127.0.0.1',1,'Mozilla/5.0 (Windows NT 10.0; Win64; x64) AppleWebKit/537.36 (KHTML, like Gecko) Chrome/127.0.0.0 Safari/537.36 Edg/127.0.0.0','2024-08-04 16:59:49'),(347,'POST',23,'/system/passport/login','manager','127.0.0.1',1,'Mozilla/5.0 (Windows NT 10.0; Win64; x64) AppleWebKit/537.36 (KHTML, like Gecko) Chrome/127.0.0.0 Safari/537.36 Edg/127.0.0.0','2024-08-04 17:35:58'),(348,'GET',23,'/system/role/power/1','{}','127.0.0.1',1,'Mozilla/5.0 (Windows NT 10.0; Win64; x64) AppleWebKit/537.36 (KHTML, like Gecko) Chrome/127.0.0.0 Safari/537.36 Edg/127.0.0.0','2024-08-04 17:36:07'),(349,'GET',23,'/system/role/getRolePower/1','{}','127.0.0.1',1,'Mozilla/5.0 (Windows NT 10.0; Win64; x64) AppleWebKit/537.36 (KHTML, like Gecko) Chrome/127.0.0.0 Safari/537.36 Edg/127.0.0.0','2024-08-04 17:36:07'),(350,'PUT',23,'/system/role/saveRolePower','{&#39;roleId&#39;: &#39;1&#39;, &#39;powerIds&#39;: &#39;1,3,22,23,24,4,21,25,26,9,27,28,29,30,60,61,62,81,70,78,79,80,17,18,57,58,59&#39;}','127.0.0.1',1,'Mozilla/5.0 (Windows NT 10.0; Win64; x64) AppleWebKit/537.36 (KHTML, like Gecko) Chrome/127.0.0.0 Safari/537.36 Edg/127.0.0.0','2024-08-04 17:36:09'),(351,'GET',23,'/system/role/power/5','{}','127.0.0.1',1,'Mozilla/5.0 (Windows NT 10.0; Win64; x64) AppleWebKit/537.36 (KHTML, like Gecko) Chrome/127.0.0.0 Safari/537.36 Edg/127.0.0.0','2024-08-04 17:36:10'),(352,'GET',23,'/system/role/getRolePower/5','{}','127.0.0.1',1,'Mozilla/5.0 (Windows NT 10.0; Win64; x64) AppleWebKit/537.36 (KHTML, like Gecko) Chrome/127.0.0.0 Safari/537.36 Edg/127.0.0.0','2024-08-04 17:36:10'),(353,'GET',23,'/system/user/add','{}','127.0.0.1',1,'Mozilla/5.0 (Windows NT 10.0; Win64; x64) AppleWebKit/537.36 (KHTML, like Gecko) Chrome/127.0.0.0 Safari/537.36 Edg/127.0.0.0','2024-08-04 17:36:19'),(354,'GET',23,'/system/student/add','{}','127.0.0.1',0,'Mozilla/5.0 (Windows NT 10.0; Win64; x64) AppleWebKit/537.36 (KHTML, like Gecko) Chrome/127.0.0.0 Safari/537.36 Edg/127.0.0.0','2024-08-04 17:36:28'),(355,'GET',23,'/system/role/power/1','{}','127.0.0.1',1,'Mozilla/5.0 (Windows NT 10.0; Win64; x64) AppleWebKit/537.36 (KHTML, like Gecko) Chrome/127.0.0.0 Safari/537.36 Edg/127.0.0.0','2024-08-04 17:36:39'),(356,'GET',23,'/system/role/getRolePower/1','{}','127.0.0.1',1,'Mozilla/5.0 (Windows NT 10.0; Win64; x64) AppleWebKit/537.36 (KHTML, like Gecko) Chrome/127.0.0.0 Safari/537.36 Edg/127.0.0.0','2024-08-04 17:36:40'),(357,'PUT',23,'/system/role/saveRolePower','{&#39;roleId&#39;: &#39;1&#39;, &#39;powerIds&#39;: &#39;1,3,22,23,24,4,21,25,26,9,27,28,29,30,60,61,72,73,74,62,75,76,77,81,70,78,79,80,17,18,57,58,59&#39;}','127.0.0.1',1,'Mozilla/5.0 (Windows NT 10.0; Win64; x64) AppleWebKit/537.36 (KHTML, like Gecko) Chrome/127.0.0.0 Safari/537.36 Edg/127.0.0.0','2024-08-04 17:36:50'),(358,'GET',23,'/system/student/add','{}','127.0.0.1',0,'Mozilla/5.0 (Windows NT 10.0; Win64; x64) AppleWebKit/537.36 (KHTML, like Gecko) Chrome/127.0.0.0 Safari/537.36 Edg/127.0.0.0','2024-08-04 17:36:55'),(359,'GET',23,'/system/role/power/1','{}','127.0.0.1',1,'Mozilla/5.0 (Windows NT 10.0; Win64; x64) AppleWebKit/537.36 (KHTML, like Gecko) Chrome/127.0.0.0 Safari/537.36 Edg/127.0.0.0','2024-08-04 17:37:20'),(360,'GET',23,'/system/role/getRolePower/1','{}','127.0.0.1',1,'Mozilla/5.0 (Windows NT 10.0; Win64; x64) AppleWebKit/537.36 (KHTML, like Gecko) Chrome/127.0.0.0 Safari/537.36 Edg/127.0.0.0','2024-08-04 17:37:20'),(361,'GET',23,'/system/student/edit/1','{}','127.0.0.1',0,'Mozilla/5.0 (Windows NT 10.0; Win64; x64) AppleWebKit/537.36 (KHTML, like Gecko) Chrome/127.0.0.0 Safari/537.36 Edg/127.0.0.0','2024-08-04 17:37:39'),(362,'PUT',23,'/system/student/disable','{&#39;studentId&#39;: &#39;1&#39;}','127.0.0.1',0,'Mozilla/5.0 (Windows NT 10.0; Win64; x64) AppleWebKit/537.36 (KHTML, like Gecko) Chrome/127.0.0.0 Safari/537.36 Edg/127.0.0.0','2024-08-04 17:37:41'),(363,'PUT',23,'/system/student/enable','{&#39;studentId&#39;: &#39;1&#39;}','127.0.0.1',0,'Mozilla/5.0 (Windows NT 10.0; Win64; x64) AppleWebKit/537.36 (KHTML, like Gecko) Chrome/127.0.0.0 Safari/537.36 Edg/127.0.0.0','2024-08-04 17:37:42'),(364,'PUT',23,'/system/teacher/disable','{&#39;teacherId&#39;: &#39;13&#39;}','127.0.0.1',0,'Mozilla/5.0 (Windows NT 10.0; Win64; x64) AppleWebKit/537.36 (KHTML, like Gecko) Chrome/127.0.0.0 Safari/537.36 Edg/127.0.0.0','2024-08-04 17:37:45'),(365,'PUT',23,'/system/teacher/enable','{&#39;teacherId&#39;: &#39;13&#39;}','127.0.0.1',0,'Mozilla/5.0 (Windows NT 10.0; Win64; x64) AppleWebKit/537.36 (KHTML, like Gecko) Chrome/127.0.0.0 Safari/537.36 Edg/127.0.0.0','2024-08-04 17:37:46'),(366,'GET',23,'/system/teacher/add','{}','127.0.0.1',0,'Mozilla/5.0 (Windows NT 10.0; Win64; x64) AppleWebKit/537.36 (KHTML, like Gecko) Chrome/127.0.0.0 Safari/537.36 Edg/127.0.0.0','2024-08-04 17:38:37'),(367,'GET',23,'/system/user/add','{}','127.0.0.1',1,'Mozilla/5.0 (Windows NT 10.0; Win64; x64) AppleWebKit/537.36 (KHTML, like Gecko) Chrome/127.0.0.0 Safari/537.36 Edg/127.0.0.0','2024-08-04 17:38:41'),(368,'POST',1,'/system/passport/login','admin','127.0.0.1',1,'Mozilla/5.0 (Windows NT 10.0; Win64; x64) AppleWebKit/537.36 (KHTML, like Gecko) Chrome/127.0.0.0 Safari/537.36 Edg/127.0.0.0','2024-08-04 17:39:00'),(369,'POST',23,'/system/passport/login','manager','127.0.0.1',1,'Mozilla/5.0 (Windows NT 10.0; Win64; x64) AppleWebKit/537.36 (KHTML, like Gecko) Chrome/127.0.0.0 Safari/537.36 Edg/127.0.0.0','2024-08-04 17:41:21'),(370,'PUT',23,'/system/teacher/disable','{&#39;teacherId&#39;: &#39;13&#39;}','127.0.0.1',1,'Mozilla/5.0 (Windows NT 10.0; Win64; x64) AppleWebKit/537.36 (KHTML, like Gecko) Chrome/127.0.0.0 Safari/537.36 Edg/127.0.0.0','2024-08-04 17:41:36'),(371,'PUT',23,'/system/teacher/enable','{&#39;teacherId&#39;: &#39;13&#39;}','127.0.0.1',1,'Mozilla/5.0 (Windows NT 10.0; Win64; x64) AppleWebKit/537.36 (KHTML, like Gecko) Chrome/127.0.0.0 Safari/537.36 Edg/127.0.0.0','2024-08-04 17:41:37'),(372,'PUT',23,'/system/student/disable','{&#39;studentId&#39;: &#39;1&#39;}','127.0.0.1',1,'Mozilla/5.0 (Windows NT 10.0; Win64; x64) AppleWebKit/537.36 (KHTML, like Gecko) Chrome/127.0.0.0 Safari/537.36 Edg/127.0.0.0','2024-08-04 17:41:40'),(373,'PUT',23,'/system/student/enable','{&#39;studentId&#39;: &#39;1&#39;}','127.0.0.1',1,'Mozilla/5.0 (Windows NT 10.0; Win64; x64) AppleWebKit/537.36 (KHTML, like Gecko) Chrome/127.0.0.0 Safari/537.36 Edg/127.0.0.0','2024-08-04 17:41:41'),(374,'GET',23,'/system/student/add','{}','127.0.0.1',1,'Mozilla/5.0 (Windows NT 10.0; Win64; x64) AppleWebKit/537.36 (KHTML, like Gecko) Chrome/127.0.0.0 Safari/537.36 Edg/127.0.0.0','2024-08-04 17:41:43'),(375,'GET',23,'/system/student/add','{}','127.0.0.1',1,'Mozilla/5.0 (Windows NT 10.0; Win64; x64) AppleWebKit/537.36 (KHTML, like Gecko) Chrome/127.0.0.0 Safari/537.36 Edg/127.0.0.0','2024-08-04 17:49:25'),(376,'GET',23,'/system/student/add','{}','127.0.0.1',1,'Mozilla/5.0 (Windows NT 10.0; Win64; x64) AppleWebKit/537.36 (KHTML, like Gecko) Chrome/127.0.0.0 Safari/537.36 Edg/127.0.0.0','2024-08-04 17:50:48'),(377,'GET',23,'/system/student/add','{}','127.0.0.1',1,'Mozilla/5.0 (Windows NT 10.0; Win64; x64) AppleWebKit/537.36 (KHTML, like Gecko) Chrome/127.0.0.0 Safari/537.36 Edg/127.0.0.0','2024-08-04 17:51:37'),(378,'GET',23,'/system/student/add','{}','127.0.0.1',1,'Mozilla/5.0 (Windows NT 10.0; Win64; x64) AppleWebKit/537.36 (KHTML, like Gecko) Chrome/127.0.0.0 Safari/537.36 Edg/127.0.0.0','2024-08-04 17:54:17'),(379,'GET',23,'/system/teacher/add','{}','127.0.0.1',1,'Mozilla/5.0 (Windows NT 10.0; Win64; x64) AppleWebKit/537.36 (KHTML, like Gecko) Chrome/127.0.0.0 Safari/537.36 Edg/127.0.0.0','2024-08-04 17:54:29'),(380,'GET',23,'/system/student/add','{}','127.0.0.1',1,'Mozilla/5.0 (Windows NT 10.0; Win64; x64) AppleWebKit/537.36 (KHTML, like Gecko) Chrome/127.0.0.0 Safari/537.36 Edg/127.0.0.0','2024-08-04 17:55:36'),(381,'GET',23,'/system/student/add','{}','127.0.0.1',1,'Mozilla/5.0 (Windows NT 10.0; Win64; x64) AppleWebKit/537.36 (KHTML, like Gecko) Chrome/127.0.0.0 Safari/537.36 Edg/127.0.0.0','2024-08-04 17:56:31'),(382,'GET',23,'/system/student/add','{}','127.0.0.1',1,'Mozilla/5.0 (Windows NT 10.0; Win64; x64) AppleWebKit/537.36 (KHTML, like Gecko) Chrome/127.0.0.0 Safari/537.36 Edg/127.0.0.0','2024-08-04 17:57:09'),(383,'GET',23,'/system/student/add','{}','127.0.0.1',1,'Mozilla/5.0 (Windows NT 10.0; Win64; x64) AppleWebKit/537.36 (KHTML, like Gecko) Chrome/127.0.0.0 Safari/537.36 Edg/127.0.0.0','2024-08-04 17:58:14'),(384,'GET',23,'/system/teacher/add','{}','127.0.0.1',1,'Mozilla/5.0 (Windows NT 10.0; Win64; x64) AppleWebKit/537.36 (KHTML, like Gecko) Chrome/127.0.0.0 Safari/537.36 Edg/127.0.0.0','2024-08-04 17:58:23'),(385,'GET',23,'/system/student/add','{}','127.0.0.1',1,'Mozilla/5.0 (Windows NT 10.0; Win64; x64) AppleWebKit/537.36 (KHTML, like Gecko) Chrome/127.0.0.0 Safari/537.36 Edg/127.0.0.0','2024-08-04 17:59:17'),(386,'GET',23,'/system/student/add','{}','127.0.0.1',1,'Mozilla/5.0 (Windows NT 10.0; Win64; x64) AppleWebKit/537.36 (KHTML, like Gecko) Chrome/127.0.0.0 Safari/537.36 Edg/127.0.0.0','2024-08-04 18:01:30'),(387,'GET',23,'/system/student/add','{}','127.0.0.1',1,'Mozilla/5.0 (Windows NT 10.0; Win64; x64) AppleWebKit/537.36 (KHTML, like Gecko) Chrome/127.0.0.0 Safari/537.36 Edg/127.0.0.0','2024-08-04 18:06:43'),(388,'GET',23,'/system/student/add','{}','127.0.0.1',1,'Mozilla/5.0 (Windows NT 10.0; Win64; x64) AppleWebKit/537.36 (KHTML, like Gecko) Chrome/127.0.0.0 Safari/537.36 Edg/127.0.0.0','2024-08-04 18:08:57'),(389,'GET',23,'/system/student/add','{}','127.0.0.1',1,'Mozilla/5.0 (Windows NT 10.0; Win64; x64) AppleWebKit/537.36 (KHTML, like Gecko) Chrome/127.0.0.0 Safari/537.36 Edg/127.0.0.0','2024-08-04 18:09:58'),(390,'POST',23,'/system/student/save','{&#39;studentname&#39;: &#39;1&#39;, &#39;xuehao&#39;: &#39;1&#39;, &#39;academy&#39;: &#39;1&#39;, &#39;grade&#39;: &#39;1&#39;, &#39;semester&#39;: &#39;第一学期&#39;, &#39;email&#39;: &#39;&#39;, &#39;phone&#39;: &#39;&#39;, &#39;userId&#39;: &#39;21&#39;}','127.0.0.1',1,'Mozilla/5.0 (Windows NT 10.0; Win64; x64) AppleWebKit/537.36 (KHTML, like Gecko) Chrome/127.0.0.0 Safari/537.36 Edg/127.0.0.0','2024-08-04 18:10:12'),(391,'POST',23,'/system/student/save','{&#39;studentname&#39;: &#39;1&#39;, &#39;xuehao&#39;: &#39;1&#39;, &#39;academy&#39;: &#39;1&#39;, &#39;grade&#39;: &#39;1&#39;, &#39;semester&#39;: &#39;第一学期&#39;, &#39;email&#39;: &#39;&#39;, &#39;phone&#39;: &#39;&#39;, &#39;userId&#39;: &#39;22&#39;}','127.0.0.1',1,'Mozilla/5.0 (Windows NT 10.0; Win64; x64) AppleWebKit/537.36 (KHTML, like Gecko) Chrome/127.0.0.0 Safari/537.36 Edg/127.0.0.0','2024-08-04 18:10:14'),(392,'POST',23,'/system/student/save','{&#39;studentname&#39;: &#39;1&#39;, &#39;xuehao&#39;: &#39;1&#39;, &#39;academy&#39;: &#39;1&#39;, &#39;grade&#39;: &#39;1&#39;, &#39;semester&#39;: &#39;第一学期&#39;, &#39;email&#39;: &#39;&#39;, &#39;phone&#39;: &#39;&#39;, &#39;userId&#39;: &#39;13&#39;}','127.0.0.1',1,'Mozilla/5.0 (Windows NT 10.0; Win64; x64) AppleWebKit/537.36 (KHTML, like Gecko) Chrome/127.0.0.0 Safari/537.36 Edg/127.0.0.0','2024-08-04 18:10:16'),(393,'POST',23,'/system/passport/login','manager','127.0.0.1',1,'Mozilla/5.0 (Windows NT 10.0; Win64; x64) AppleWebKit/537.36 (KHTML, like Gecko) Chrome/127.0.0.0 Safari/537.36 Edg/127.0.0.0','2024-08-04 20:43:42'),(394,'GET',23,'/system/student/edit/15','{}','127.0.0.1',1,'Mozilla/5.0 (Windows NT 10.0; Win64; x64) AppleWebKit/537.36 (KHTML, like Gecko) Chrome/127.0.0.0 Safari/537.36 Edg/127.0.0.0','2024-08-04 20:43:53'),(395,'PUT',23,'/system/student/update','{&#39;studentId&#39;: &#39;15&#39;, &#39;studentname&#39;: &#39;莉娜&#39;, &#39;xuehao&#39;: &#39;222241811155&#39;, &#39;academy&#39;: &#39;计算机学院&#39;, &#39;grade&#39;: &#39;2021&#39;, &#39;semester&#39;: &#39;第一学期&#39;, &#39;email&#39;: &#39;&#39;, &#39;phone&#39;: &#39;&#39;}','127.0.0.1',1,'Mozilla/5.0 (Windows NT 10.0; Win64; x64) AppleWebKit/537.36 (KHTML, like Gecko) Chrome/127.0.0.0 Safari/537.36 Edg/127.0.0.0','2024-08-04 20:44:32'),(396,'PUT',23,'/system/course/disable','{&#39;courseId&#39;: &#39;13&#39;}','127.0.0.1',1,'Mozilla/5.0 (Windows NT 10.0; Win64; x64) AppleWebKit/537.36 (KHTML, like Gecko) Chrome/127.0.0.0 Safari/537.36 Edg/127.0.0.0','2024-08-04 20:44:44'),(397,'PUT',23,'/system/course/enable','{&#39;courseId&#39;: &#39;13&#39;}','127.0.0.1',1,'Mozilla/5.0 (Windows NT 10.0; Win64; x64) AppleWebKit/537.36 (KHTML, like Gecko) Chrome/127.0.0.0 Safari/537.36 Edg/127.0.0.0','2024-08-04 20:44:45'),(398,'GET',23,'/system/course/edit/13','{}','127.0.0.1',1,'Mozilla/5.0 (Windows NT 10.0; Win64; x64) AppleWebKit/537.36 (KHTML, like Gecko) Chrome/127.0.0.0 Safari/537.36 Edg/127.0.0.0','2024-08-04 20:44:45'),(399,'GET',23,'/system/role/power/1','{}','127.0.0.1',1,'Mozilla/5.0 (Windows NT 10.0; Win64; x64) AppleWebKit/537.36 (KHTML, like Gecko) Chrome/127.0.0.0 Safari/537.36 Edg/127.0.0.0','2024-08-04 20:45:01'),(400,'GET',23,'/system/role/getRolePower/1','{}','127.0.0.1',1,'Mozilla/5.0 (Windows NT 10.0; Win64; x64) AppleWebKit/537.36 (KHTML, like Gecko) Chrome/127.0.0.0 Safari/537.36 Edg/127.0.0.0','2024-08-04 20:45:02'),(401,'POST',8,'/system/passport/login','222241811199','127.0.0.1',1,'Mozilla/5.0 (Windows NT 10.0; Win64; x64) AppleWebKit/537.36 (KHTML, like Gecko) Chrome/127.0.0.0 Safari/537.36 Edg/127.0.0.0','2024-08-04 20:45:30'),(402,'GET',8,'/system/mail/add','{}','127.0.0.1',1,'Mozilla/5.0 (Windows NT 10.0; Win64; x64) AppleWebKit/537.36 (KHTML, like Gecko) Chrome/127.0.0.0 Safari/537.36 Edg/127.0.0.0','2024-08-04 20:45:47'),(403,'POST',8,'/system/mail/save','{&#39;receiver&#39;: &#39;3285938128@qq.com&#39;, &#39;subject&#39;: &#39;哇哈哈&#39;, &#39;content&#39;: &#39;麻辣烫&#39;}','127.0.0.1',1,'Mozilla/5.0 (Windows NT 10.0; Win64; x64) AppleWebKit/537.36 (KHTML, like Gecko) Chrome/127.0.0.0 Safari/537.36 Edg/127.0.0.0','2024-08-04 20:46:05'),(404,'POST',23,'/system/passport/login','manager','127.0.0.1',1,'Mozilla/5.0 (Windows NT 10.0; Win64; x64) AppleWebKit/537.36 (KHTML, like Gecko) Chrome/127.0.0.0 Safari/537.36 Edg/127.0.0.0','2024-08-04 20:48:11'),(405,'GET',23,'/system/student/edit/1','{}','127.0.0.1',1,'Mozilla/5.0 (Windows NT 10.0; Win64; x64) AppleWebKit/537.36 (KHTML, like Gecko) Chrome/127.0.0.0 Safari/537.36 Edg/127.0.0.0','2024-08-04 20:50:02'),(406,'PUT',23,'/system/student/update','{&#39;studentId&#39;: &#39;1&#39;, &#39;studentname&#39;: &#39;凌潇肃&#39;, &#39;xuehao&#39;: &#39;222241811139&#39;, &#39;academy&#39;: &#39;外国语学院&#39;, &#39;grade&#39;: &#39;2023&#39;, &#39;semester&#39;: &#39;第一学期&#39;, &#39;email&#39;: &#39;3285968785@qq.com&#39;, &#39;phone&#39;: &#39;13265485785&#39;}','127.0.0.1',1,'Mozilla/5.0 (Windows NT 10.0; Win64; x64) AppleWebKit/537.36 (KHTML, like Gecko) Chrome/127.0.0.0 Safari/537.36 Edg/127.0.0.0','2024-08-04 20:50:07'),(407,'GET',23,'/system/student/edit/1','{}','127.0.0.1',1,'Mozilla/5.0 (Windows NT 10.0; Win64; x64) AppleWebKit/537.36 (KHTML, like Gecko) Chrome/127.0.0.0 Safari/537.36 Edg/127.0.0.0','2024-08-04 20:50:13'),(408,'PUT',23,'/system/student/update','{&#39;studentId&#39;: &#39;1&#39;, &#39;studentname&#39;: &#39;凌潇肃&#39;, &#39;xuehao&#39;: &#39;222241811139&#39;, &#39;academy&#39;: &#39;外国语学院&#39;, &#39;grade&#39;: &#39;2023&#39;, &#39;semester&#39;: &#39;第一学期&#39;, &#39;email&#39;: &#39;3285968785@qq.com&#39;, &#39;phone&#39;: &#39;13265485785&#39;}','127.0.0.1',1,'Mozilla/5.0 (Windows NT 10.0; Win64; x64) AppleWebKit/537.36 (KHTML, like Gecko) Chrome/127.0.0.0 Safari/537.36 Edg/127.0.0.0','2024-08-04 20:50:17'),(409,'GET',23,'/system/student/edit/15','{}','127.0.0.1',1,'Mozilla/5.0 (Windows NT 10.0; Win64; x64) AppleWebKit/537.36 (KHTML, like Gecko) Chrome/127.0.0.0 Safari/537.36 Edg/127.0.0.0','2024-08-04 20:50:22'),(410,'PUT',23,'/system/student/update','{&#39;studentId&#39;: &#39;15&#39;, &#39;studentname&#39;: &#39;莉娜&#39;, &#39;xuehao&#39;: &#39;222241811155&#39;, &#39;academy&#39;: &#39;计算机学院&#39;, &#39;grade&#39;: &#39;2032&#39;, &#39;semester&#39;: &#39;第一学期&#39;, &#39;email&#39;: &#39;&#39;, &#39;phone&#39;: &#39;&#39;}','127.0.0.1',1,'Mozilla/5.0 (Windows NT 10.0; Win64; x64) AppleWebKit/537.36 (KHTML, like Gecko) Chrome/127.0.0.0 Safari/537.36 Edg/127.0.0.0','2024-08-04 20:50:37'),(411,'GET',23,'/system/teacher/edit/14','{}','127.0.0.1',1,'Mozilla/5.0 (Windows NT 10.0; Win64; x64) AppleWebKit/537.36 (KHTML, like Gecko) Chrome/127.0.0.0 Safari/537.36 Edg/127.0.0.0','2024-08-04 20:50:43'),(412,'PUT',23,'/system/teacher/update','{&#39;teacherId&#39;: &#39;14&#39;, &#39;teachername&#39;: &#39;欣老师&#39;, &#39;number&#39;: &#39;222241822222&#39;, &#39;academy&#39;: &#39;计算机学&#39;, &#39;email&#39;: &#39;&#39;, &#39;phone&#39;: &#39;&#39;}','127.0.0.1',1,'Mozilla/5.0 (Windows NT 10.0; Win64; x64) AppleWebKit/537.36 (KHTML, like Gecko) Chrome/127.0.0.0 Safari/537.36 Edg/127.0.0.0','2024-08-04 20:50:51'),(413,'PUT',23,'/system/student/disable','{&#39;studentId&#39;: &#39;1&#39;}','127.0.0.1',1,'Mozilla/5.0 (Windows NT 10.0; Win64; x64) AppleWebKit/537.36 (KHTML, like Gecko) Chrome/127.0.0.0 Safari/537.36 Edg/127.0.0.0','2024-08-04 20:51:03'),(414,'PUT',23,'/system/student/enable','{&#39;studentId&#39;: &#39;1&#39;}','127.0.0.1',1,'Mozilla/5.0 (Windows NT 10.0; Win64; x64) AppleWebKit/537.36 (KHTML, like Gecko) Chrome/127.0.0.0 Safari/537.36 Edg/127.0.0.0','2024-08-04 20:51:03'),(415,'GET',23,'/system/student/add','{}','127.0.0.1',1,'Mozilla/5.0 (Windows NT 10.0; Win64; x64) AppleWebKit/537.36 (KHTML, like Gecko) Chrome/127.0.0.0 Safari/537.36 Edg/127.0.0.0','2024-08-04 20:51:06'),(416,'GET',23,'/system/role/power/2','{}','127.0.0.1',1,'Mozilla/5.0 (Windows NT 10.0; Win64; x64) AppleWebKit/537.36 (KHTML, like Gecko) Chrome/127.0.0.0 Safari/537.36 Edg/127.0.0.0','2024-08-04 20:52:00'),(417,'GET',23,'/system/role/getRolePower/2','{}','127.0.0.1',1,'Mozilla/5.0 (Windows NT 10.0; Win64; x64) AppleWebKit/537.36 (KHTML, like Gecko) Chrome/127.0.0.0 Safari/537.36 Edg/127.0.0.0','2024-08-04 20:52:00'),(418,'POST',1,'/system/passport/login','admin','127.0.0.1',1,'Mozilla/5.0 (Windows NT 10.0; Win64; x64) AppleWebKit/537.36 (KHTML, like Gecko) Chrome/127.0.0.0 Safari/537.36 Edg/127.0.0.0','2024-08-05 22:03:25'),(419,'POST',1,'/system/passport/login','admin','127.0.0.1',1,'Mozilla/5.0 (Windows NT 10.0; Win64; x64) AppleWebKit/537.36 (KHTML, like Gecko) Chrome/127.0.0.0 Safari/537.36 Edg/127.0.0.0','2024-08-05 22:07:33');
/*!40000 ALTER TABLE `admin_admin_log` ENABLE KEYS */;
UNLOCK TABLES;

--
-- Table structure for table `admin_course`
--

DROP TABLE IF EXISTS `admin_course`;
/*!40101 SET @saved_cs_client     = @@character_set_client */;
/*!50503 SET character_set_client = utf8mb4 */;
CREATE TABLE `admin_course` (
  `id` int NOT NULL AUTO_INCREMENT COMMENT '课程ID',
  `coursename` varchar(20) CHARACTER SET utf8mb4 COLLATE utf8mb4_0900_ai_ci DEFAULT NULL COMMENT '课程名称',
  `number` varchar(20) DEFAULT NULL COMMENT '课程号',
  `enable` int DEFAULT NULL COMMENT '启用',
  `create_at` datetime DEFAULT NULL COMMENT '创建时间',
  `update_at` datetime DEFAULT NULL COMMENT '更新时间',
  `course_type` varchar(20) DEFAULT NULL COMMENT '课程类型',
  `class_hours` int DEFAULT NULL COMMENT '课时',
  `credits` int DEFAULT NULL COMMENT '学分',
  `belonging_academy` varchar(50) DEFAULT NULL COMMENT '隶属学院',
  PRIMARY KEY (`id`) USING BTREE
) ENGINE=InnoDB AUTO_INCREMENT=21 DEFAULT CHARSET=utf8mb4 COLLATE=utf8mb4_0900_ai_ci ROW_FORMAT=DYNAMIC;
/*!40101 SET character_set_client = @saved_cs_client */;

--
-- Dumping data for table `admin_course`
--

LOCK TABLES `admin_course` WRITE;
/*!40000 ALTER TABLE `admin_course` DISABLE KEYS */;
INSERT INTO `admin_course` VALUES (13,'高等数学A一班','20240802',1,'2024-04-29 18:47:33','2024-04-29 18:47:33','考试课',48,2,'计算机学院'),(15,'高等数学A二班','2',0,'2024-04-29 18:48:11','2024-04-29 18:48:11','考查课',36,5,'理学院'),(16,'高等数学B一班','3',0,'2024-04-29 18:48:28','2024-04-29 18:48:28',NULL,NULL,NULL,NULL),(17,'高等数学B二班','4',0,'2024-04-29 18:48:42','2024-04-29 18:48:42',NULL,NULL,NULL,NULL),(18,'复变函数一班','5',0,'2024-04-29 18:48:58','2024-04-29 18:48:58',NULL,NULL,NULL,NULL);
/*!40000 ALTER TABLE `admin_course` ENABLE KEYS */;
UNLOCK TABLES;

--
-- Table structure for table `admin_dept`
--

DROP TABLE IF EXISTS `admin_dept`;
/*!40101 SET @saved_cs_client     = @@character_set_client */;
/*!50503 SET character_set_client = utf8mb4 */;
CREATE TABLE `admin_dept` (
  `id` int NOT NULL AUTO_INCREMENT COMMENT '部门ID',
  `parent_id` int DEFAULT NULL COMMENT '父级编号',
  `dept_name` varchar(50) CHARACTER SET utf8mb4 COLLATE utf8mb4_0900_ai_ci DEFAULT NULL COMMENT '部门名称',
  `sort` int DEFAULT NULL COMMENT '排序',
  `leader` varchar(50) CHARACTER SET utf8mb4 COLLATE utf8mb4_0900_ai_ci DEFAULT NULL COMMENT '负责人',
  `phone` varchar(20) CHARACTER SET utf8mb4 COLLATE utf8mb4_0900_ai_ci DEFAULT NULL COMMENT '联系方式',
  `email` varchar(50) CHARACTER SET utf8mb4 COLLATE utf8mb4_0900_ai_ci DEFAULT NULL COMMENT '邮箱',
  `status` int DEFAULT NULL COMMENT '状态(1开启,0关闭)',
  `remark` text CHARACTER SET utf8mb4 COLLATE utf8mb4_0900_ai_ci COMMENT '备注',
  `address` varchar(255) CHARACTER SET utf8mb4 COLLATE utf8mb4_0900_ai_ci DEFAULT NULL COMMENT '详细地址',
  `create_at` datetime DEFAULT NULL COMMENT '创建时间',
  `update_at` datetime DEFAULT NULL COMMENT '创建时间',
  PRIMARY KEY (`id`) USING BTREE
) ENGINE=InnoDB AUTO_INCREMENT=9 DEFAULT CHARSET=utf8mb4 COLLATE=utf8mb4_0900_ai_ci ROW_FORMAT=DYNAMIC;
/*!40101 SET character_set_client = @saved_cs_client */;

--
-- Dumping data for table `admin_dept`
--

LOCK TABLES `admin_dept` WRITE;
/*!40000 ALTER TABLE `admin_dept` DISABLE KEYS */;
/*!40000 ALTER TABLE `admin_dept` ENABLE KEYS */;
UNLOCK TABLES;

--
-- Table structure for table `admin_dict_data`
--

DROP TABLE IF EXISTS `admin_dict_data`;
/*!40101 SET @saved_cs_client     = @@character_set_client */;
/*!50503 SET character_set_client = utf8mb4 */;
CREATE TABLE `admin_dict_data` (
  `id` int NOT NULL AUTO_INCREMENT,
  `data_label` varchar(255) CHARACTER SET utf8mb4 COLLATE utf8mb4_0900_ai_ci DEFAULT NULL COMMENT '字典类型名称',
  `data_value` varchar(255) CHARACTER SET utf8mb4 COLLATE utf8mb4_0900_ai_ci DEFAULT NULL COMMENT '字典类型标识',
  `type_code` varchar(255) CHARACTER SET utf8mb4 COLLATE utf8mb4_0900_ai_ci DEFAULT NULL COMMENT '字典类型描述',
  `is_default` int DEFAULT NULL COMMENT '是否默认',
  `enable` int DEFAULT NULL COMMENT '是否开启',
  `remark` varchar(255) CHARACTER SET utf8mb4 COLLATE utf8mb4_0900_ai_ci DEFAULT NULL COMMENT '备注',
  `create_time` datetime DEFAULT NULL COMMENT '创建时间',
  `update_time` datetime DEFAULT NULL COMMENT '更新时间',
  PRIMARY KEY (`id`) USING BTREE
) ENGINE=InnoDB DEFAULT CHARSET=utf8mb4 COLLATE=utf8mb4_0900_ai_ci ROW_FORMAT=DYNAMIC;
/*!40101 SET character_set_client = @saved_cs_client */;

--
-- Dumping data for table `admin_dict_data`
--

LOCK TABLES `admin_dict_data` WRITE;
/*!40000 ALTER TABLE `admin_dict_data` DISABLE KEYS */;
/*!40000 ALTER TABLE `admin_dict_data` ENABLE KEYS */;
UNLOCK TABLES;

--
-- Table structure for table `admin_dict_type`
--

DROP TABLE IF EXISTS `admin_dict_type`;
/*!40101 SET @saved_cs_client     = @@character_set_client */;
/*!50503 SET character_set_client = utf8mb4 */;
CREATE TABLE `admin_dict_type` (
  `id` int NOT NULL AUTO_INCREMENT,
  `type_name` varchar(255) CHARACTER SET utf8mb4 COLLATE utf8mb4_0900_ai_ci DEFAULT NULL COMMENT '字典类型名称',
  `type_code` varchar(255) CHARACTER SET utf8mb4 COLLATE utf8mb4_0900_ai_ci DEFAULT NULL COMMENT '字典类型标识',
  `description` varchar(255) CHARACTER SET utf8mb4 COLLATE utf8mb4_0900_ai_ci DEFAULT NULL COMMENT '字典类型描述',
  `enable` int DEFAULT NULL COMMENT '是否开启',
  `create_time` datetime DEFAULT NULL COMMENT '创建时间',
  `update_time` datetime DEFAULT NULL COMMENT '更新时间',
  PRIMARY KEY (`id`) USING BTREE
) ENGINE=InnoDB DEFAULT CHARSET=utf8mb4 COLLATE=utf8mb4_0900_ai_ci ROW_FORMAT=DYNAMIC;
/*!40101 SET character_set_client = @saved_cs_client */;

--
-- Dumping data for table `admin_dict_type`
--

LOCK TABLES `admin_dict_type` WRITE;
/*!40000 ALTER TABLE `admin_dict_type` DISABLE KEYS */;
/*!40000 ALTER TABLE `admin_dict_type` ENABLE KEYS */;
UNLOCK TABLES;

--
-- Table structure for table `admin_mail`
--

DROP TABLE IF EXISTS `admin_mail`;
/*!40101 SET @saved_cs_client     = @@character_set_client */;
/*!50503 SET character_set_client = utf8mb4 */;
CREATE TABLE `admin_mail` (
  `id` int NOT NULL AUTO_INCREMENT COMMENT '邮件编号',
  `receiver` varchar(1024) CHARACTER SET utf8mb4 COLLATE utf8mb4_0900_ai_ci DEFAULT NULL COMMENT '收件人邮箱',
  `subject` varchar(128) CHARACTER SET utf8mb4 COLLATE utf8mb4_0900_ai_ci DEFAULT NULL COMMENT '邮件主题',
  `content` text CHARACTER SET utf8mb4 COLLATE utf8mb4_0900_ai_ci COMMENT '邮件正文',
  `user_id` int DEFAULT NULL COMMENT '发送人id',
  `create_at` datetime DEFAULT NULL COMMENT '创建时间',
  PRIMARY KEY (`id`) USING BTREE
) ENGINE=InnoDB AUTO_INCREMENT=4 DEFAULT CHARSET=utf8mb4 COLLATE=utf8mb4_0900_ai_ci ROW_FORMAT=DYNAMIC;
/*!40101 SET character_set_client = @saved_cs_client */;

--
-- Dumping data for table `admin_mail`
--

LOCK TABLES `admin_mail` WRITE;
/*!40000 ALTER TABLE `admin_mail` DISABLE KEYS */;
INSERT INTO `admin_mail` VALUES (3,'3285938128@qq.com','哇哈哈','麻辣烫',8,'2024-08-04 20:46:30');
/*!40000 ALTER TABLE `admin_mail` ENABLE KEYS */;
UNLOCK TABLES;

--
-- Table structure for table `admin_photo`
--

DROP TABLE IF EXISTS `admin_photo`;
/*!40101 SET @saved_cs_client     = @@character_set_client */;
/*!50503 SET character_set_client = utf8mb4 */;
CREATE TABLE `admin_photo` (
  `id` int NOT NULL AUTO_INCREMENT,
  `name` varchar(255) CHARACTER SET utf8mb4 COLLATE utf8mb4_0900_ai_ci NOT NULL,
  `href` varchar(255) CHARACTER SET utf8mb4 COLLATE utf8mb4_0900_ai_ci DEFAULT NULL,
  `mime` char(50) CHARACTER SET utf8mb4 COLLATE utf8mb4_0900_ai_ci NOT NULL,
  `size` char(30) CHARACTER SET utf8mb4 COLLATE utf8mb4_0900_ai_ci NOT NULL,
  `create_time` datetime DEFAULT NULL,
  PRIMARY KEY (`id`) USING BTREE
) ENGINE=InnoDB DEFAULT CHARSET=utf8mb4 COLLATE=utf8mb4_0900_ai_ci ROW_FORMAT=DYNAMIC;
/*!40101 SET character_set_client = @saved_cs_client */;

--
-- Dumping data for table `admin_photo`
--

LOCK TABLES `admin_photo` WRITE;
/*!40000 ALTER TABLE `admin_photo` DISABLE KEYS */;
/*!40000 ALTER TABLE `admin_photo` ENABLE KEYS */;
UNLOCK TABLES;

--
-- Table structure for table `admin_ping_evaluation`
--

DROP TABLE IF EXISTS `admin_ping_evaluation`;
/*!40101 SET @saved_cs_client     = @@character_set_client */;
/*!50503 SET character_set_client = utf8mb4 */;
CREATE TABLE `admin_ping_evaluation` (
  `ping_level_id` int DEFAULT NULL COMMENT '题目ID',
  `score` int DEFAULT NULL COMMENT '评分',
  `create_at` datetime DEFAULT NULL COMMENT '创建时间',
  `update_at` datetime DEFAULT NULL COMMENT '更新时间',
  `grade` varchar(10) CHARACTER SET utf8mb4 COLLATE utf8mb4_0900_ai_ci DEFAULT NULL COMMENT '年级',
  `semester` varchar(10) CHARACTER SET utf8mb4 COLLATE utf8mb4_0900_ai_ci DEFAULT NULL COMMENT '学期',
  `student_xuehao` varchar(20) CHARACTER SET utf8mb4 COLLATE utf8mb4_0900_ai_ci DEFAULT NULL COMMENT '学生学号',
  `teacher_number` varchar(20) CHARACTER SET utf8mb4 COLLATE utf8mb4_0900_ai_ci DEFAULT NULL COMMENT '教师代码',
  `teacher_name` varchar(20) CHARACTER SET utf8mb4 COLLATE utf8mb4_0900_ai_ci DEFAULT NULL COMMENT '教师姓名',
  `id` int NOT NULL AUTO_INCREMENT COMMENT '评价ID',
  PRIMARY KEY (`id`) USING BTREE,
  KEY `ping_level_id` (`ping_level_id`) USING BTREE,
  KEY `grade` (`grade`) USING BTREE,
  KEY `semester` (`semester`) USING BTREE,
  KEY `student_xuehao` (`student_xuehao`) USING BTREE,
  KEY `teacher_number` (`teacher_number`) USING BTREE,
  KEY `teacher_name` (`teacher_name`) USING BTREE,
  KEY `ix_admin_ping_evaluation_grade` (`grade`),
  KEY `ix_admin_ping_evaluation_ping_level_id` (`ping_level_id`),
  KEY `ix_admin_ping_evaluation_student_xuehao` (`student_xuehao`),
  KEY `ix_admin_ping_evaluation_teacher_name` (`teacher_name`),
  KEY `ix_admin_ping_evaluation_teacher_number` (`teacher_number`),
  CONSTRAINT `admin_ping_evaluation_ibfk_2` FOREIGN KEY (`grade`) REFERENCES `admin_student` (`grade`),
  CONSTRAINT `admin_ping_evaluation_ibfk_3` FOREIGN KEY (`semester`) REFERENCES `admin_student` (`semester`),
  CONSTRAINT `admin_ping_evaluation_ibfk_4` FOREIGN KEY (`student_xuehao`) REFERENCES `admin_student` (`xuehao`),
  CONSTRAINT `admin_ping_evaluation_ibfk_5` FOREIGN KEY (`teacher_number`) REFERENCES `admin_teacher` (`number`),
  CONSTRAINT `admin_ping_evaluation_ibfk_6` FOREIGN KEY (`teacher_name`) REFERENCES `admin_teacher` (`teachername`),
  CONSTRAINT `admin_ping_evaluation_ibfk_7` FOREIGN KEY (`ping_level_id`) REFERENCES `admin_ping_level` (`id`)
) ENGINE=InnoDB DEFAULT CHARSET=utf8mb4 COLLATE=utf8mb4_0900_ai_ci ROW_FORMAT=DYNAMIC;
/*!40101 SET character_set_client = @saved_cs_client */;

--
-- Dumping data for table `admin_ping_evaluation`
--

LOCK TABLES `admin_ping_evaluation` WRITE;
/*!40000 ALTER TABLE `admin_ping_evaluation` DISABLE KEYS */;
/*!40000 ALTER TABLE `admin_ping_evaluation` ENABLE KEYS */;
UNLOCK TABLES;

--
-- Table structure for table `admin_ping_level`
--

DROP TABLE IF EXISTS `admin_ping_level`;
/*!40101 SET @saved_cs_client     = @@character_set_client */;
/*!50503 SET character_set_client = utf8mb4 */;
CREATE TABLE `admin_ping_level` (
  `id` int NOT NULL AUTO_INCREMENT COMMENT '题目ID',
  `content` varchar(200) CHARACTER SET utf8mb4 COLLATE utf8mb4_0900_ai_ci DEFAULT NULL COMMENT '题目',
  `weight` int DEFAULT NULL COMMENT '权重',
  `enable` int DEFAULT NULL COMMENT '启用',
  `create_at` datetime DEFAULT NULL COMMENT '创建时间',
  `update_at` datetime DEFAULT NULL COMMENT '创建时间',
  PRIMARY KEY (`id`) USING BTREE
) ENGINE=InnoDB AUTO_INCREMENT=8 DEFAULT CHARSET=utf8mb4 COLLATE=utf8mb4_0900_ai_ci ROW_FORMAT=DYNAMIC;
/*!40101 SET character_set_client = @saved_cs_client */;

--
-- Dumping data for table `admin_ping_level`
--

LOCK TABLES `admin_ping_level` WRITE;
/*!40000 ALTER TABLE `admin_ping_level` DISABLE KEYS */;
INSERT INTO `admin_ping_level` VALUES (3,'对本门课程学习收获的感受',25,1,'2024-04-20 15:18:58','2024-04-20 15:18:58'),(4,'老师对教学工作是否认真负责',20,1,'2024-04-20 15:19:27','2024-04-20 15:19:27'),(5,'老师教学是否激发了你的学习兴趣，促进你主动学习',10,1,'2024-04-20 15:19:44','2024-04-20 15:19:44'),(6,'老师是否关心你们的实际学习情况，注重与你们的沟通、指导和交流',15,1,'2024-04-20 15:20:02','2024-04-20 15:20:02'),(7,'是否因教学效果好，愿意向下届同学推荐这位上课老师',30,1,'2024-04-20 15:20:19','2024-04-20 15:20:19');
/*!40000 ALTER TABLE `admin_ping_level` ENABLE KEYS */;
UNLOCK TABLES;

--
-- Table structure for table `admin_power`
--

DROP TABLE IF EXISTS `admin_power`;
/*!40101 SET @saved_cs_client     = @@character_set_client */;
/*!50503 SET character_set_client = utf8mb4 */;
CREATE TABLE `admin_power` (
  `id` int NOT NULL AUTO_INCREMENT COMMENT '权限编号',
  `name` varchar(255) CHARACTER SET utf8mb4 COLLATE utf8mb4_0900_ai_ci DEFAULT NULL COMMENT '权限名称',
  `type` varchar(1) CHARACTER SET utf8mb4 COLLATE utf8mb4_0900_ai_ci DEFAULT NULL COMMENT '权限类型',
  `code` varchar(30) CHARACTER SET utf8mb4 COLLATE utf8mb4_0900_ai_ci DEFAULT NULL COMMENT '权限标识',
  `url` varchar(255) CHARACTER SET utf8mb4 COLLATE utf8mb4_0900_ai_ci DEFAULT NULL COMMENT '权限路径',
  `open_type` varchar(10) CHARACTER SET utf8mb4 COLLATE utf8mb4_0900_ai_ci DEFAULT NULL COMMENT '打开方式',
  `parent_id` int DEFAULT NULL COMMENT '父类编号',
  `icon` varchar(128) CHARACTER SET utf8mb4 COLLATE utf8mb4_0900_ai_ci DEFAULT NULL COMMENT '图标',
  `sort` int DEFAULT NULL COMMENT '排序',
  `create_time` datetime DEFAULT NULL COMMENT '创建时间',
  `update_time` datetime DEFAULT NULL COMMENT '更新时间',
  `enable` int DEFAULT NULL COMMENT '是否开启',
  PRIMARY KEY (`id`) USING BTREE
) ENGINE=InnoDB AUTO_INCREMENT=89 DEFAULT CHARSET=utf8mb4 COLLATE=utf8mb4_0900_ai_ci ROW_FORMAT=DYNAMIC;
/*!40101 SET character_set_client = @saved_cs_client */;

--
-- Dumping data for table `admin_power`
--

LOCK TABLES `admin_power` WRITE;
/*!40000 ALTER TABLE `admin_power` DISABLE KEYS */;
INSERT INTO `admin_power` VALUES (1,'系统管理','0','',NULL,NULL,0,'layui-icon layui-icon-set-fill',1,'2024-04-09 11:23:31','2024-08-04 16:24:41',1),(3,'账户管理','1','system:user:main','/system/user/','_iframe',1,'layui-icon layui-icon layui-icon layui-icon layui-icon layui-icon-rate',1,'2024-04-09 11:23:31','2024-08-01 23:30:26',1),(4,'权限管理','1','system:power:main','/system/power','_iframe',1,'layui-icon layui-icon layui-icon layui-icon-theme',5,'2024-04-09 11:23:31','2024-08-01 23:19:43',1),(9,'角色管理','1','system:role:main','/system/role','_iframe',1,'layui-icon layui-icon layui-icon-username',4,'2024-04-09 11:23:31','2024-08-01 23:18:43',1),(12,'系统监控','1','system:monitor:main','/system/monitor','_iframe',1,'layui-icon layui-icon layui-icon-vercode',6,'2024-04-09 11:23:31','2024-08-01 23:28:44',1),(13,'日志管理','1','system:log:main','/system/log','_iframe',1,'layui-icon layui-icon layui-icon-read',10,'2024-04-09 11:23:31','2024-08-01 23:19:22',1),(17,'文件管理','0',NULL,NULL,NULL,0,'layui-icon layui-icon layui-icon layui-icon layui-icon-camera',4,'2024-04-09 11:23:31','2024-08-04 16:31:21',1),(18,'图片上传','1','system:file:main','/system/file','_iframe',17,'layui-icon layui-icon-camera',5,'2024-04-09 11:23:31','2024-04-09 11:23:31',1),(21,'权限增加','2','system:power:add','','',4,'layui-icon layui-icon-add-circle',1,'2024-04-09 11:23:31','2024-04-09 11:23:31',1),(22,'用户增加','2','system:user:add','','',3,'layui-icon layui-icon-add-circle',1,'2024-04-09 11:23:31','2024-04-09 11:23:31',1),(23,'用户编辑','2','system:user:edit','','',3,'layui-icon layui-icon-rate',2,'2024-04-09 11:23:31','2024-04-09 11:23:31',1),(24,'用户删除','2','system:user:remove','','',3,'',3,'2024-04-09 11:23:31','2024-04-09 11:23:31',1),(25,'权限编辑','2','system:power:edit','','',4,'',2,'2024-04-09 11:23:31','2024-04-09 11:23:31',1),(26,'用户删除','2','system:power:remove','','',4,'',3,'2024-04-09 11:23:31','2024-04-09 11:23:31',1),(27,'用户增加','2','system:role:add','','',9,'',1,'2024-04-09 11:23:31','2024-04-09 11:23:31',1),(28,'角色编辑','2','system:role:edit','','',9,'',2,'2024-04-09 11:23:31','2024-04-09 11:23:31',1),(29,'角色删除','2','system:role:remove','','',9,'',3,'2024-04-09 11:23:31','2024-04-09 11:23:31',1),(30,'角色授权','2','system:role:power','','',9,'',4,'2024-04-09 11:23:31','2024-04-09 11:23:31',1),(31,'图片增加','2','system:file:add','','',18,'',1,'2024-04-09 11:23:31','2024-04-09 11:23:31',1),(32,'图片删除','2','system:file:delete','','',18,'',2,'2024-04-09 11:23:31','2024-04-09 11:23:31',1),(44,'数据字典','1','system:dict:main','/system/dict','_iframe',1,'layui-icon layui-icon-console',6,'2024-04-09 11:23:31','2024-08-01 23:13:56',1),(45,'字典增加','2','system:dict:add','','',44,'',1,'2024-04-09 11:23:31','2024-04-09 11:23:31',1),(46,'字典修改','2','system:dict:edit','','',44,'',2,'2024-04-09 11:23:31','2024-04-09 11:23:31',1),(47,'字典删除','2','system:dict:remove','','',44,'',3,'2024-04-09 11:23:31','2024-04-09 11:23:31',1),(49,'部门增加','2','system:dept:add','','',48,'',1,'2024-04-09 11:23:31','2024-04-09 11:23:31',1),(50,'部门编辑','2','system:dept:edit','','',48,'',2,'2024-04-09 11:23:31','2024-04-09 11:23:31',1),(51,'部门删除','2','system:dept:remove','','',48,'',3,'2024-04-09 11:23:31','2024-04-09 11:23:31',1),(57,'邮件管理','1','system:mail:main','/system/mail/','_iframe',0,'layui-icon layui-icon layui-icon-release',3,'2024-04-09 11:23:31','2024-08-02 14:18:01',1),(58,'邮件发送','2','system:mail:add','','',57,'layui-icon layui-icon-ok-circle',1,'2024-04-09 11:23:31','2024-04-09 11:23:31',1),(59,'邮件删除','2','system:mail:remove','','',57,'',2,'2024-04-09 11:23:31','2024-04-09 11:23:31',1),(60,'人员信息管理','0',NULL,NULL,NULL,1,'layui-icon layui-icon layui-icon layui-icon layui-icon layui-icon layui-icon layui-icon layui-icon-username',2,'2024-04-09 13:49:04','2024-08-01 23:30:54',1),(61,'学生信息管理','1','system:stu:info','/system/student/','_iframe',60,'layui-icon layui-icon layui-icon layui-icon layui-icon-username',1,'2024-04-09 13:49:54','2024-04-09 14:01:07',1),(62,'教师信息管理','1','system:tea:info','/system/teacher/','_iframe',60,'layui-icon layui-icon layui-icon layui-icon-username',2,'2024-04-09 13:51:03','2024-04-09 14:01:18',1),(67,'评教结果','1','system:ping:result','/system/ping_result/','_iframe',66,'layui-icon layui-icon-rate-half',1,'2024-04-09 13:56:19','2024-04-09 14:01:51',1),(68,'评教数据管理','1','system:ping:result_manage','/system/ping_result_manage/','_iframe',63,'layui-icon layui-icon layui-icon-rate-solid',3,'2024-04-14 12:29:15','2024-04-14 12:29:49',1),(70,'课程基本信息管理','1','system:course:info','/system/course/','_iframe',81,'layui-icon layui-icon layui-icon layui-icon layui-icon layui-icon layui-icon-flag',1,'2024-04-22 23:39:56','2024-08-01 23:34:20',1),(72,'学生增加','2','system:stu:add',NULL,NULL,61,'layui-icon layui-icon layui-icon layui-icon-add-1',1,'2024-07-31 19:09:12','2024-07-31 19:09:47',1),(73,'学生编辑','2','system:stu:edit',NULL,NULL,61,'layui-icon layui-icon layui-icon-edit',2,'2024-07-31 19:10:31','2024-07-31 19:10:48',1),(74,'学生删除','2','system:stu:delete',NULL,NULL,61,'layui-icon layui-icon-close',3,'2024-07-31 19:11:30','2024-07-31 19:11:30',1),(75,'教师增加','2','system:tea:add',NULL,NULL,62,'layui-icon layui-icon-add-1',1,'2024-08-01 20:07:04','2024-08-01 20:07:04',1),(76,'教师编辑','2','system:tea:edit',NULL,NULL,62,'layui-icon layui-icon-edit',2,'2024-08-01 20:07:58','2024-08-01 20:07:58',1),(77,'教师删除','2','system:tea:delete',NULL,NULL,62,'layui-icon layui-icon-close',3,'2024-08-01 20:08:50','2024-08-01 20:08:50',1),(78,'课程增加','2','system:course:add',NULL,NULL,70,'layui-icon layui-icon-add-1',1,'2024-08-01 21:28:25','2024-08-01 21:28:25',1),(79,'课程编辑','2','system:course:edit',NULL,NULL,70,'layui-icon layui-icon layui-icon-edit',2,'2024-08-01 21:28:59','2024-08-01 21:29:11',1),(80,'课程删除','2','system:course:delete',NULL,NULL,70,'layui-icon layui-icon-close',3,'2024-08-01 21:29:54','2024-08-01 21:29:54',1),(81,'课程管理','0',NULL,NULL,NULL,1,'layui-icon layui-icon layui-icon layui-icon layui-icon layui-icon layui-icon-read',3,'2024-08-01 23:10:46','2024-08-01 23:29:53',1),(87,'个人信息','1','system:per:info','/system/per/','_iframe',0,'layui-icon layui-icon-username',2,'2024-08-04 16:49:18','2024-08-04 16:49:18',1),(88,'个人信息编辑','2','system:per:edit',NULL,NULL,87,'layui-icon ',1,'2024-08-04 16:58:48','2024-08-04 16:58:48',1);
/*!40000 ALTER TABLE `admin_power` ENABLE KEYS */;
UNLOCK TABLES;

--
-- Table structure for table `admin_results`
--

DROP TABLE IF EXISTS `admin_results`;
/*!40101 SET @saved_cs_client     = @@character_set_client */;
/*!50503 SET character_set_client = utf8mb4 */;
CREATE TABLE `admin_results` (
  `id` int NOT NULL AUTO_INCREMENT,
  `score` float DEFAULT NULL,
  `teacher_code` varchar(20) CHARACTER SET utf8mb4 COLLATE utf8mb4_0900_ai_ci DEFAULT NULL,
  `student_xuehao` varchar(20) CHARACTER SET utf8mb4 COLLATE utf8mb4_0900_ai_ci DEFAULT NULL,
  `course_name` varchar(20) CHARACTER SET utf8mb4 COLLATE utf8mb4_0900_ai_ci DEFAULT NULL,
  PRIMARY KEY (`id`) USING BTREE
) ENGINE=InnoDB AUTO_INCREMENT=756 DEFAULT CHARSET=utf8mb4 COLLATE=utf8mb4_0900_ai_ci ROW_FORMAT=DYNAMIC;
/*!40101 SET character_set_client = @saved_cs_client */;

--
-- Dumping data for table `admin_results`
--

LOCK TABLES `admin_results` WRITE;
/*!40000 ALTER TABLE `admin_results` DISABLE KEYS */;
INSERT INTO `admin_results` VALUES (600,100,'1221','7304','线性代数'),(601,100,'1221','64','线性代数'),(602,82,'1221','338','线性代数'),(603,100,'1221','381','线性代数'),(604,86,'1221','4589','线性代数'),(605,80,'1221','9062','线性代数'),(606,100,'1221','9051','线性代数'),(607,80,'1221','9065','线性代数'),(608,89,'1221','9070','线性代数'),(609,98,'1221','9055','线性代数'),(610,75,'1221','9064','线性代数'),(611,100,'1221','9052','线性代数'),(612,88,'1221','9063','线性代数'),(613,100,'1221','9054','线性代数'),(614,100,'1221','9044','线性代数'),(615,100,'1221','9045','线性代数'),(616,100,'1221','9046','线性代数'),(617,100,'1221','9072','线性代数'),(618,60,'1221','9061','线性代数'),(619,100,'1221','9043','线性代数'),(620,69,'1221','9081','线性代数'),(621,100,'1221','9060','线性代数'),(622,100,'1221','9059','线性代数'),(623,100,'1221','9041','线性代数'),(624,100,'1221','9071','线性代数'),(625,100,'1221','9074','线性代数'),(626,100,'1221','9073','线性代数'),(627,100,'1221','9049','线性代数'),(628,65,'1221','9039','线性代数'),(629,100,'1221','9053','线性代数'),(630,84,'1221','9084','线性代数'),(631,100,'1221','9058','线性代数'),(632,76,'1221','9050','线性代数'),(633,100,'1221','9040','线性代数'),(634,60,'1221','9067','线性代数'),(635,85,'1221','9090','线性代数'),(636,100,'1221','9047','线性代数'),(637,100,'1221','9057','线性代数'),(638,85,'1221','9042','线性代数'),(639,100,'1221','9091','线性代数'),(640,100,'1221','9036','线性代数'),(641,100,'1221','9092','线性代数'),(642,100,'1221','9082','线性代数'),(643,100,'1221','9080','线性代数'),(644,72,'1221','9083','线性代数'),(645,87,'1221','9085','线性代数'),(646,100,'1221','9066','线性代数'),(647,100,'1221','9088','线性代数'),(648,100,'1221','9038','线性代数'),(649,94,'1221','9095','线性代数'),(650,80,'1221','9086','线性代数'),(651,80,'1221','9093','线性代数'),(652,100,'1221','9069','线性代数'),(653,100,'1221','9078','线性代数'),(654,94,'1221','9037','线性代数'),(655,25,'1221','9087','线性代数'),(656,100,'1221','9068','线性代数'),(657,100,'1221','9056','线性代数'),(658,100,'1221','9089','线性代数'),(659,100,'1221','9077','线性代数'),(660,80,'1221','9048','线性代数'),(661,100,'1221','9075','线性代数'),(662,100,'1221','9079','线性代数'),(663,100,'1221','9094','线性代数'),(664,96,'1221','9076','线性代数'),(665,94,'1221','1146','线性代数'),(666,100,'1221','11633','线性代数'),(667,98,'1221','11639','线性代数'),(668,84,'1221','3845','线性代数'),(669,80,'1221','6623','线性代数'),(670,100,'1221','11863','线性代数'),(671,94,'1221','81','线性代数'),(672,100,'1221','5917','线性代数'),(673,73,'1221','3488','线性代数'),(674,86,'1221','12633','线性代数'),(675,97,'1221','12602','线性代数'),(676,60,'1221','12630','线性代数'),(677,60,'1221','12613','线性代数'),(678,100,'1221','12606','线性代数'),(679,89,'1221','12583','线性代数'),(680,100,'1221','12641','线性代数'),(681,95,'1221','12629','线性代数'),(682,87,'1221','12649','线性代数'),(683,100,'1221','12586','线性代数'),(684,86,'1221','12612','线性代数'),(685,41,'1221','12634','线性代数'),(686,80,'1221','12593','线性代数'),(687,98,'1221','12587','线性代数'),(688,100,'1221','12639','线性代数'),(689,80,'1221','12640','线性代数'),(690,100,'1221','12620','线性代数'),(691,100,'1221','12642','线性代数'),(692,80,'1221','12610','线性代数'),(693,100,'1221','12650','线性代数'),(694,98,'1221','12635','线性代数'),(695,80,'1221','12604','线性代数'),(696,100,'1221','12600','线性代数'),(697,100,'1221','12605','线性代数'),(698,100,'1221','12603','线性代数'),(699,74,'1221','12615','线性代数'),(700,94,'1221','12589','线性代数'),(701,94,'1221','12631','线性代数'),(702,80,'1221','12614','线性代数'),(703,66,'1221','12617','线性代数'),(704,80,'1221','12648','线性代数'),(705,100,'1221','12599','线性代数'),(706,100,'1221','12622','线性代数'),(707,100,'1221','12580','线性代数'),(708,100,'1221','12643','线性代数'),(709,100,'1221','12607','线性代数'),(710,80,'1221','12647','线性代数'),(711,87,'1221','12598','线性代数'),(712,100,'1221','12597','线性代数'),(713,98,'1221','12626','线性代数'),(714,100,'1221','12609','线性代数'),(715,100,'1221','12588','线性代数'),(716,91,'1221','12581','线性代数'),(717,100,'1221','12627','线性代数'),(718,100,'1221','12628','线性代数'),(719,100,'1221','12657','线性代数'),(720,90,'1221','12619','线性代数'),(721,100,'1221','12637','线性代数'),(722,91,'1221','12621','线性代数'),(723,40,'1221','12644','线性代数'),(724,100,'1221','12608','线性代数'),(725,100,'1221','12653','线性代数'),(726,40,'1221','12645','线性代数'),(727,100,'1221','12632','线性代数'),(728,100,'1221','12658','线性代数'),(729,80,'1221','12646','线性代数'),(730,100,'1221','12652','线性代数'),(731,75,'1221','12592','线性代数'),(732,100,'1221','12591','线性代数'),(733,74,'1221','12577','线性代数'),(734,75,'1221','12576','线性代数'),(735,53,'1221','12625','线性代数'),(736,100,'1221','12651','线性代数'),(737,100,'1221','12584','线性代数'),(738,100,'1221','12955','线性代数'),(739,80,'1221','13411','线性代数'),(740,82,'1221','13674','线性代数'),(741,34,'1221','14016','线性代数'),(742,100,'1221','14015','线性代数'),(743,100,'1221','14023','线性代数'),(744,97,'1221','3161','线性代数'),(745,100,'1221','10889','线性代数'),(746,100,'1221','10842','线性代数'),(747,60,'1221','4859','线性代数'),(748,100,'1221','4933','线性代数'),(749,91,'21','12','复变函数'),(754,83.5,'7','1','高等数学A一班'),(755,86.5,'7','1','高等数学A一班');
/*!40000 ALTER TABLE `admin_results` ENABLE KEYS */;
UNLOCK TABLES;

--
-- Table structure for table `admin_role`
--

DROP TABLE IF EXISTS `admin_role`;
/*!40101 SET @saved_cs_client     = @@character_set_client */;
/*!50503 SET character_set_client = utf8mb4 */;
CREATE TABLE `admin_role` (
  `id` int NOT NULL AUTO_INCREMENT COMMENT '角色ID',
  `name` varchar(255) CHARACTER SET utf8mb4 COLLATE utf8mb4_0900_ai_ci DEFAULT NULL COMMENT '角色名称',
  `code` varchar(255) CHARACTER SET utf8mb4 COLLATE utf8mb4_0900_ai_ci DEFAULT NULL COMMENT '角色标识',
  `enable` int DEFAULT NULL COMMENT '是否启用',
  `remark` varchar(255) CHARACTER SET utf8mb4 COLLATE utf8mb4_0900_ai_ci DEFAULT NULL COMMENT '备注',
  `details` varchar(255) CHARACTER SET utf8mb4 COLLATE utf8mb4_0900_ai_ci DEFAULT NULL COMMENT '详情',
  `sort` int DEFAULT NULL COMMENT '排序',
  `create_time` datetime DEFAULT NULL COMMENT '创建时间',
  `update_time` datetime DEFAULT NULL COMMENT '更新时间',
  PRIMARY KEY (`id`) USING BTREE
) ENGINE=InnoDB AUTO_INCREMENT=6 DEFAULT CHARSET=utf8mb4 COLLATE=utf8mb4_0900_ai_ci ROW_FORMAT=DYNAMIC;
/*!40101 SET character_set_client = @saved_cs_client */;

--
-- Dumping data for table `admin_role`
--

LOCK TABLES `admin_role` WRITE;
/*!40000 ALTER TABLE `admin_role` DISABLE KEYS */;
INSERT INTO `admin_role` VALUES (1,'管理','admin',1,NULL,'管理员',1,'2024-04-09 11:23:31','2024-04-09 22:31:37'),(2,'学生','common',1,NULL,'只有查看，没有增删改权限',2,'2024-04-09 11:23:31','2024-04-13 23:08:26'),(5,'教师','teacher',1,NULL,NULL,3,'2024-04-13 23:08:50','2024-04-13 23:08:50');
/*!40000 ALTER TABLE `admin_role` ENABLE KEYS */;
UNLOCK TABLES;

--
-- Table structure for table `admin_role_power`
--

DROP TABLE IF EXISTS `admin_role_power`;
/*!40101 SET @saved_cs_client     = @@character_set_client */;
/*!50503 SET character_set_client = utf8mb4 */;
CREATE TABLE `admin_role_power` (
  `id` int NOT NULL AUTO_INCREMENT COMMENT '标识',
  `power_id` int DEFAULT NULL COMMENT '用户编号',
  `role_id` int DEFAULT NULL COMMENT '角色编号',
  PRIMARY KEY (`id`) USING BTREE,
  KEY `power_id` (`power_id`) USING BTREE,
  KEY `role_id` (`role_id`) USING BTREE,
  CONSTRAINT `admin_role_power_ibfk_1` FOREIGN KEY (`role_id`) REFERENCES `admin_role` (`id`),
  CONSTRAINT `admin_role_power_ibfk_2` FOREIGN KEY (`power_id`) REFERENCES `admin_power` (`id`),
  CONSTRAINT `admin_role_power_ibfk_3` FOREIGN KEY (`power_id`) REFERENCES `admin_power` (`id`),
  CONSTRAINT `admin_role_power_ibfk_4` FOREIGN KEY (`power_id`) REFERENCES `admin_power` (`id`),
  CONSTRAINT `admin_role_power_ibfk_5` FOREIGN KEY (`power_id`) REFERENCES `admin_power` (`id`),
  CONSTRAINT `admin_role_power_ibfk_6` FOREIGN KEY (`power_id`) REFERENCES `admin_power` (`id`)
) ENGINE=InnoDB AUTO_INCREMENT=99 DEFAULT CHARSET=utf8mb4 COLLATE=utf8mb4_0900_ai_ci ROW_FORMAT=DYNAMIC;
/*!40101 SET character_set_client = @saved_cs_client */;

--
-- Dumping data for table `admin_role_power`
--

LOCK TABLES `admin_role_power` WRITE;
/*!40000 ALTER TABLE `admin_role_power` DISABLE KEYS */;
INSERT INTO `admin_role_power` VALUES (13,1,1),(14,3,1),(15,4,1),(16,9,1),(17,17,1),(19,18,1),(22,57,1),(23,60,1),(24,61,1),(25,62,1),(34,17,5),(44,23,1),(45,22,1),(46,24,1),(47,57,2),(48,17,2),(49,18,2),(51,58,2),(52,59,2),(61,59,5),(62,58,5),(63,57,5),(64,18,5),(69,81,1),(75,28,1),(76,29,1),(77,58,1),(78,59,1),(79,21,1),(80,30,1),(81,26,1),(82,27,1),(83,25,1),(84,70,1),(85,78,1),(86,80,1),(87,79,1),(89,87,2),(90,87,5),(91,88,2),(92,88,5),(93,74,1),(94,75,1),(95,73,1),(96,77,1),(97,72,1),(98,76,1);
/*!40000 ALTER TABLE `admin_role_power` ENABLE KEYS */;
UNLOCK TABLES;

--
-- Table structure for table `admin_student`
--

DROP TABLE IF EXISTS `admin_student`;
/*!40101 SET @saved_cs_client     = @@character_set_client */;
/*!50503 SET character_set_client = utf8mb4 */;
CREATE TABLE `admin_student` (
  `id` int NOT NULL AUTO_INCREMENT COMMENT '学生ID',
  `studentname` varchar(20) CHARACTER SET utf8mb4 COLLATE utf8mb4_0900_ai_ci DEFAULT NULL COMMENT '姓名',
  `xuehao` varchar(20) CHARACTER SET utf8mb4 COLLATE utf8mb4_0900_ai_ci DEFAULT NULL COMMENT '学号',
  `academy` varchar(20) CHARACTER SET utf8mb4 COLLATE utf8mb4_0900_ai_ci DEFAULT NULL COMMENT '学院',
  `enable` int DEFAULT NULL COMMENT '启用',
  `create_at` datetime DEFAULT NULL COMMENT '创建时间',
  `update_at` datetime DEFAULT NULL COMMENT '更新时间',
  `grade` varchar(10) CHARACTER SET utf8mb4 COLLATE utf8mb4_0900_ai_ci DEFAULT NULL COMMENT '年级',
  `semester` varchar(10) CHARACTER SET utf8mb4 COLLATE utf8mb4_0900_ai_ci DEFAULT NULL COMMENT '学期',
  `user_id` int NOT NULL COMMENT '用户ID',
  `email` varchar(50) DEFAULT NULL COMMENT '邮箱号',
  `phone` varchar(20) DEFAULT NULL COMMENT '电话',
  PRIMARY KEY (`id`) USING BTREE,
  UNIQUE KEY `user_id` (`user_id`) USING BTREE,
  KEY `ix_admin_student_grade` (`grade`),
  KEY `ix_admin_student_semester` (`semester`),
  KEY `ix_admin_student_xuehao` (`xuehao`),
  CONSTRAINT `admin_student_ibfk_2` FOREIGN KEY (`user_id`) REFERENCES `admin_user` (`id`)
) ENGINE=InnoDB AUTO_INCREMENT=17 DEFAULT CHARSET=utf8mb4 COLLATE=utf8mb4_0900_ai_ci ROW_FORMAT=DYNAMIC;
/*!40101 SET character_set_client = @saved_cs_client */;

--
-- Dumping data for table `admin_student`
--

LOCK TABLES `admin_student` WRITE;
/*!40000 ALTER TABLE `admin_student` DISABLE KEYS */;
INSERT INTO `admin_student` VALUES (1,'凌潇','222241811139','外国语学院',1,'2024-07-31 19:32:38','2024-08-05 22:36:41','大一','第一学期',22,'3285968785@qq.com','13265485785'),(13,'哇同学','None','None',1,'2024-08-01 23:31:47','2024-08-04 20:47:10','2022','第一学期',8,'111','1234567897'),(14,'王晓杰','222241811199','计算机学院',1,'2024-08-04 12:29:26','2024-08-04 12:29:26','2023','第一学期',21,NULL,NULL),(15,'莉娜','222241811155','计算机学院',1,'2024-08-04 18:10:16','2024-08-04 20:50:37','1','第一学期',13,NULL,NULL);
/*!40000 ALTER TABLE `admin_student` ENABLE KEYS */;
UNLOCK TABLES;

--
-- Table structure for table `admin_teacher`
--

DROP TABLE IF EXISTS `admin_teacher`;
/*!40101 SET @saved_cs_client     = @@character_set_client */;
/*!50503 SET character_set_client = utf8mb4 */;
CREATE TABLE `admin_teacher` (
  `id` int NOT NULL AUTO_INCREMENT COMMENT '教师ID',
  `teachername` varchar(20) CHARACTER SET utf8mb4 COLLATE utf8mb4_0900_ai_ci DEFAULT NULL COMMENT '姓名',
  `number` varchar(20) CHARACTER SET utf8mb4 COLLATE utf8mb4_0900_ai_ci DEFAULT NULL COMMENT '教工代码',
  `academy` varchar(20) CHARACTER SET utf8mb4 COLLATE utf8mb4_0900_ai_ci DEFAULT NULL COMMENT '所在学院',
  `enable` int DEFAULT NULL COMMENT '启用',
  `create_at` datetime DEFAULT NULL COMMENT '创建时间',
  `update_at` datetime DEFAULT NULL COMMENT '创建时间',
  `user_id` int NOT NULL COMMENT '用户ID',
  `email` varchar(50) DEFAULT NULL COMMENT '邮箱',
  `phone` varchar(20) DEFAULT NULL COMMENT '电话',
  PRIMARY KEY (`id`) USING BTREE,
  UNIQUE KEY `user_id` (`user_id`) USING BTREE,
  UNIQUE KEY `id` (`id`),
  KEY `ix_admin_teacher_number` (`number`),
  KEY `ix_admin_teacher_teachername` (`teachername`),
  CONSTRAINT `admin_teacher_ibfk_1` FOREIGN KEY (`user_id`) REFERENCES `admin_user` (`id`)
) ENGINE=InnoDB AUTO_INCREMENT=17 DEFAULT CHARSET=utf8mb4 COLLATE=utf8mb4_0900_ai_ci ROW_FORMAT=DYNAMIC;
/*!40101 SET character_set_client = @saved_cs_client */;

--
-- Dumping data for table `admin_teacher`
--

LOCK TABLES `admin_teacher` WRITE;
/*!40000 ALTER TABLE `admin_teacher` DISABLE KEYS */;
INSERT INTO `admin_teacher` VALUES (13,'吴','0731','计算机学院',1,'2024-08-01 20:41:37','2024-08-05 22:26:22',20,'3285965432@qq.com','12345678900'),(14,'欣老师','222241822222','计算机学',1,'2024-08-01 20:50:10','2024-08-04 20:50:51',18,NULL,NULL),(15,'魏老师','222241811101','计算机学院',1,'2024-08-01 21:17:37','2024-08-04 12:17:18',17,NULL,NULL),(16,'科吉尔老师','222241811104','外国语学院',1,'2024-08-04 14:54:17','2024-08-04 14:54:49',9,'Non','None');
/*!40000 ALTER TABLE `admin_teacher` ENABLE KEYS */;
UNLOCK TABLES;

--
-- Table structure for table `admin_user`
--

DROP TABLE IF EXISTS `admin_user`;
/*!40101 SET @saved_cs_client     = @@character_set_client */;
/*!50503 SET character_set_client = utf8mb4 */;
CREATE TABLE `admin_user` (
  `id` int NOT NULL AUTO_INCREMENT COMMENT '用户ID',
  `username` varchar(20) DEFAULT NULL COMMENT '账号/工号/学号',
  `realname` varchar(20) CHARACTER SET utf8mb4 COLLATE utf8mb4_0900_ai_ci DEFAULT NULL COMMENT '真实名字',
  `avatar` varchar(255) CHARACTER SET utf8mb4 COLLATE utf8mb4_0900_ai_ci DEFAULT NULL COMMENT '头像',
  `remark` varchar(255) CHARACTER SET utf8mb4 COLLATE utf8mb4_0900_ai_ci DEFAULT NULL COMMENT '备注',
  `password_hash` varchar(128) CHARACTER SET utf8mb4 COLLATE utf8mb4_0900_ai_ci DEFAULT NULL COMMENT '哈希密码',
  `enable` int DEFAULT NULL COMMENT '启用',
  `dept_id` int DEFAULT NULL COMMENT '部门id',
  `create_at` datetime DEFAULT NULL COMMENT '创建时间',
  `update_at` datetime DEFAULT NULL COMMENT '创建时间',
  `role_id` int DEFAULT NULL COMMENT '角色ID',
  PRIMARY KEY (`id`) USING BTREE,
  KEY `fk_role_id` (`role_id`) USING BTREE,
  CONSTRAINT `admin_user_ibfk_1` FOREIGN KEY (`role_id`) REFERENCES `admin_role` (`id`) ON DELETE CASCADE
) ENGINE=InnoDB AUTO_INCREMENT=24 DEFAULT CHARSET=utf8mb4 COLLATE=utf8mb4_0900_ai_ci ROW_FORMAT=DYNAMIC;
/*!40101 SET character_set_client = @saved_cs_client */;

--
-- Dumping data for table `admin_user`
--

LOCK TABLES `admin_user` WRITE;
/*!40000 ALTER TABLE `admin_user` DISABLE KEYS */;
INSERT INTO `admin_user` VALUES (1,'admin','超级管理员','/static/system/admin/images/avatar.jpg','要是不能把握时机，就要终身蹭蹬，一事无成！','pbkdf2:sha256:600000$gd4pkGJkB7RpbrfL$8a181ddf7727b0668805403090fedfe8358f514af1e6f04de303ce7d0163c5c6',1,NULL,'2024-04-09 11:23:31','2024-08-05 22:22:37',1),(8,'222241811199','皮克斯','/static/system/admin/images/avatar.jpg',NULL,'pbkdf2:sha256:600000$nkYpEoggoMvDpEyR$d0a9b8588ea7f47705c64b4799a23cfc024d9414a9959da2badd07a0c8f72f9b',1,NULL,'2024-04-17 16:32:43','2024-08-04 12:45:59',2),(9,'222241811104','科吉尔','/static/system/admin/images/avatar.jpg',NULL,'pbkdf2:sha256:600000$ciLwyXgc61tIpR0F$b7588bfac328c0648dccce86b5e48d54dbf4392645d9ef897145ab8690db07a2',1,NULL,'2024-04-17 19:09:31','2024-08-04 12:49:16',5),(12,'222241811105','安年年','/static/system/admin/images/avatar.jpg',NULL,'pbkdf2:sha256:600000$7cZIUg6uVgV9bOGs$84ba135d71e5874c3114092b6708bbae19a97056cf3c2dba2110775e58800b7b',1,NULL,'2024-04-17 23:44:09','2024-04-17 23:44:09',5),(13,'222241811103','王家卫','/static/system/admin/images/avatar.jpg',NULL,'pbkdf2:sha256:600000$zBl2LctEbjprsUTC$6e6334fc7c6a9e138d05ea30800cd619e88c7d487e0ceaee24ed0a36af89ea6d',0,NULL,'2024-05-12 13:21:58','2024-08-04 16:03:50',2),(14,'222241811109','周煜程','/static/system/admin/images/avatar.jpg','None','pbkdf2:sha256:600000$N7Z8PeV8sNKZQK7K$ca9769d0fe21dc027e4640b6879d7374dbcd6f50c3a34a65070ad141226bd280',0,NULL,'2024-05-17 23:54:33','2024-08-04 15:35:57',2),(15,'222241811106','朴建炯','/static/system/admin/images/avatar.jpg',NULL,'pbkdf2:sha256:600000$r3JHKiJ4bKFspmoC$30ba440453751081038d296d799dee5c2e3fb0d6172b6bc9659edd8e864b5fc5',1,NULL,'2024-05-17 23:56:44','2024-05-17 23:56:44',5),(16,'222241811107','兰陵王','/static/system/admin/images/avatar.jpg',NULL,'pbkdf2:sha256:600000$QAf2Q2ZinklARyrn$221d8d5c8957880eeab26da7672c30421370498291685fb3f9c572bc198a4414',1,NULL,'2024-05-17 23:56:57','2024-05-17 23:56:57',5),(17,'222241811108','阿德福','/static/system/admin/images/avatar.jpg',NULL,'pbkdf2:sha256:600000$9qLKTVmEq0gKB0qH$05652a16827723cf8ff34bf2f11b08f2f8a1ecfafa9114b6243d718e378535aa',1,NULL,'2024-05-17 23:57:07','2024-05-17 23:57:07',5),(18,'222241822222',' 杰克森','/static/system/admin/images/avatar.jpg',NULL,'pbkdf2:sha256:600000$magRuNnMFn783RMH$48c1fd940e553233e3fce60c04868fba78e05037c9fb3c449298bd3f4a4e2ed1',1,NULL,'2024-05-17 23:57:22','2024-08-01 20:02:31',5),(20,'222241811101','安妮','/static/system/admin/images/avatar.jpg',NULL,'pbkdf2:sha256:600000$YH6lh4uAXeaOi9Zm$1eaccf8288747840a2362b28a71d7a82f2d4c0d23327394374029dc74ba759d2',1,NULL,'2024-07-31 17:23:00','2024-07-31 17:23:00',5),(21,'222241811102','李连杰','/static/system/admin/images/avatar.jpg',NULL,'pbkdf2:sha256:600000$hmai8IspffT3zaTy$9365022b903c1b7650f2e1cffa2b47a81906ab1c61c5ca7c56840439e6e4e2a5',1,NULL,'2024-07-31 17:24:04','2024-08-02 15:04:06',2),(22,'222241811139','麦克雷','/static/system/admin/images/avatar.jpg',NULL,'pbkdf2:sha256:600000$KEzBCwIJXNEs5CPa$8cd0f9870c427798419cec852a30e316e207ea942eda70d00dbb7a714cd591d9',1,NULL,'2024-07-31 17:28:42','2024-08-02 15:04:06',2),(23,'manager','管理员','/static/system/admin/images/avatar.jpg',NULL,'pbkdf2:sha256:600000$DvwL6pE6Kqyc2lqR$e4775727e2cfcdf339ec831e37f60175feeaa642950de614216c18e0ec5a2e33',1,NULL,'2024-08-04 16:22:17','2024-08-04 16:22:17',1);
/*!40000 ALTER TABLE `admin_user` ENABLE KEYS */;
UNLOCK TABLES;

--
-- Table structure for table `admin_user_role`
--

DROP TABLE IF EXISTS `admin_user_role`;
/*!40101 SET @saved_cs_client     = @@character_set_client */;
/*!50503 SET character_set_client = utf8mb4 */;
CREATE TABLE `admin_user_role` (
  `id` int NOT NULL AUTO_INCREMENT COMMENT '标识',
  `user_id` int DEFAULT NULL COMMENT '用户编号',
  `role_id` int DEFAULT NULL COMMENT '角色编号',
  PRIMARY KEY (`id`) USING BTREE,
  KEY `role_id` (`role_id`) USING BTREE,
  KEY `admin_user_role_ibfk_2` (`user_id`) USING BTREE,
  CONSTRAINT `admin_user_role_ibfk_1` FOREIGN KEY (`user_id`) REFERENCES `admin_user` (`id`),
  CONSTRAINT `admin_user_role_ibfk_2` FOREIGN KEY (`role_id`) REFERENCES `admin_role` (`id`)
) ENGINE=InnoDB AUTO_INCREMENT=6 DEFAULT CHARSET=utf8mb4 COLLATE=utf8mb4_0900_ai_ci ROW_FORMAT=DYNAMIC;
/*!40101 SET character_set_client = @saved_cs_client */;

--
-- Dumping data for table `admin_user_role`
--

LOCK TABLES `admin_user_role` WRITE;
/*!40000 ALTER TABLE `admin_user_role` DISABLE KEYS */;
/*!40000 ALTER TABLE `admin_user_role` ENABLE KEYS */;
UNLOCK TABLES;

--
-- Table structure for table `alembic_version`
--

DROP TABLE IF EXISTS `alembic_version`;
/*!40101 SET @saved_cs_client     = @@character_set_client */;
/*!50503 SET character_set_client = utf8mb4 */;
CREATE TABLE `alembic_version` (
  `version_num` varchar(32) NOT NULL,
  PRIMARY KEY (`version_num`)
) ENGINE=InnoDB DEFAULT CHARSET=utf8mb4 COLLATE=utf8mb4_0900_ai_ci;
/*!40101 SET character_set_client = @saved_cs_client */;

--
-- Dumping data for table `alembic_version`
--

LOCK TABLES `alembic_version` WRITE;
/*!40000 ALTER TABLE `alembic_version` DISABLE KEYS */;
INSERT INTO `alembic_version` VALUES ('f71dd079de8f');
/*!40000 ALTER TABLE `alembic_version` ENABLE KEYS */;
UNLOCK TABLES;

--
-- Table structure for table `student_course`
--

DROP TABLE IF EXISTS `student_course`;
/*!40101 SET @saved_cs_client     = @@character_set_client */;
/*!50503 SET character_set_client = utf8mb4 */;
CREATE TABLE `student_course` (
  `id` int NOT NULL AUTO_INCREMENT COMMENT '标识',
  `student_id` int NOT NULL,
  `course_id` int NOT NULL,
  PRIMARY KEY (`id`) USING BTREE,
  KEY `course_id` (`course_id`) USING BTREE,
  KEY `student_id` (`student_id`) USING BTREE,
  CONSTRAINT `student_course_ibfk_1` FOREIGN KEY (`student_id`) REFERENCES `admin_student` (`id`),
  CONSTRAINT `student_course_ibfk_2` FOREIGN KEY (`course_id`) REFERENCES `admin_course` (`id`)
) ENGINE=InnoDB AUTO_INCREMENT=20 DEFAULT CHARSET=utf8mb4 COLLATE=utf8mb4_0900_ai_ci ROW_FORMAT=DYNAMIC;
/*!40101 SET character_set_client = @saved_cs_client */;

--
-- Dumping data for table `student_course`
--

LOCK TABLES `student_course` WRITE;
/*!40000 ALTER TABLE `student_course` DISABLE KEYS */;
/*!40000 ALTER TABLE `student_course` ENABLE KEYS */;
UNLOCK TABLES;

--
-- Table structure for table `teacher_course`
--

DROP TABLE IF EXISTS `teacher_course`;
/*!40101 SET @saved_cs_client     = @@character_set_client */;
/*!50503 SET character_set_client = utf8mb4 */;
CREATE TABLE `teacher_course` (
  `id` int NOT NULL AUTO_INCREMENT COMMENT '标识',
  `teacher_id` int NOT NULL,
  `course_id` int NOT NULL,
  PRIMARY KEY (`id`) USING BTREE,
  KEY `teacher_id` (`teacher_id`) USING BTREE,
  KEY `course_id` (`course_id`) USING BTREE,
  CONSTRAINT `teacher_course_ibfk_1` FOREIGN KEY (`course_id`) REFERENCES `admin_course` (`id`),
  CONSTRAINT `teacher_course_ibfk_2` FOREIGN KEY (`teacher_id`) REFERENCES `admin_teacher` (`id`)
) ENGINE=InnoDB AUTO_INCREMENT=11 DEFAULT CHARSET=utf8mb4 COLLATE=utf8mb4_0900_ai_ci ROW_FORMAT=DYNAMIC;
/*!40101 SET character_set_client = @saved_cs_client */;

--
-- Dumping data for table `teacher_course`
--

LOCK TABLES `teacher_course` WRITE;
/*!40000 ALTER TABLE `teacher_course` DISABLE KEYS */;
/*!40000 ALTER TABLE `teacher_course` ENABLE KEYS */;
UNLOCK TABLES;
/*!40103 SET TIME_ZONE=@OLD_TIME_ZONE */;

/*!40101 SET SQL_MODE=@OLD_SQL_MODE */;
/*!40014 SET FOREIGN_KEY_CHECKS=@OLD_FOREIGN_KEY_CHECKS */;
/*!40014 SET UNIQUE_CHECKS=@OLD_UNIQUE_CHECKS */;
/*!40101 SET CHARACTER_SET_CLIENT=@OLD_CHARACTER_SET_CLIENT */;
/*!40101 SET CHARACTER_SET_RESULTS=@OLD_CHARACTER_SET_RESULTS */;
/*!40101 SET COLLATION_CONNECTION=@OLD_COLLATION_CONNECTION */;
/*!40111 SET SQL_NOTES=@OLD_SQL_NOTES */;

-- Dump completed on 2024-08-05 22:54:28
